Entity,Code,y2012,y2013,y2014,y2015,y2016,y2017,y2018,y2019,y2020,y2021,y2022,y2023,y2024,y2025,y2026
Afghanistan,AFG,237.04546,178.54546,205.36,194.4762,186.17308,226.47058,263.8158,366.61905,406.19177,268.90475,175.36363,137.75,101.27273,284.88235,244.3125
Africa,OWID_AFR,422.45407,416.89523,414.00317,421.26068,422.21872,421.13748,386.18875,412.31415,409.31607,405.3085,403.19702,407.08212,404.8834,468.89294,555.44604
Akrotiri and Dhekelia,OWID_AKD,6.0,,,,164.0,,105.0,209.0,,,53.0,,,,
Albania,ALB,506.69913,232.5,189.47826,297.12344,299.70834,387.90875,270.78946,291.9292,324.70477,517.62244,315.90756,357.58823,490.48032,650.98346,226.0
Algeria,DZA,450.79144,291.89877,333.94836,353.86856,303.6281,428.69507,211.65433,323.1831,355.7785,588.6039,364.0383,345.44867,193.67938,204.58376,185.20512
Angola,AGO,432.64236,432.61765,421.33707,434.47974,427.7375,436.0573,401.10013,451.2833,420.05157,413.93738,414.21927,437.94736,433.7136,459.6267,371.7225
Antigua and Barbuda,ATG,,237.0,192.0,,150.0,,186.5,,,190.0,,116.0,,,138.66667
Argentina,ARG,372.45987,410.0515,404.6429,372.3573,444.24762,432.97925,375.77658,367.79898,443.9954,377.1284,490.6607,414.98483,387.7314,406.51248,430.26312
Armenia,ARM,271.2237,279.76135,237.46153,324.64102,265.88406,332.98795,217.94215,344.425,229.41176,278.5263,363.30157,216.34616,283.5,434.93405,224.5
Asia,OWID_ASI,377.10446,360.3369,377.582,392.739,364.79675,375.5645,324.71567,378.50906,364.9735,374.30984,330.50772,379.71686,353.10007,385.56616,565.4684
Australia,AUS,1228.1514,850.929,940.06586,919.53613,731.10254,827.93365,894.44977,1113.7297,701.4955,691.3911,746.9806,1127.7172,819.1863,1107.2058,814.1554
Austria,AUT,162.66667,152.66667,193.2,278.5,,218.75,143.33333,211.0,,174.0,288.4,185.0,196.625,233.42857,340.5
Azerbaijan,AZE,319.43265,308.30234,336.13245,441.934,327.45706,365.53134,266.48026,409.21902,292.87018,380.15494,330.74158,240.48334,295.52942,382.864,259.85715
Bahamas,BHS,484.75,728.3457,423.58536,696.25714,557.3788,766.56384,347.5,602.4091,633.5439,462.72726,486.20834,438.475,719.29266,519.17474,334.7073
Bangladesh,BGD,539.2176,497.66565,508.3697,363.774,412.1206,357.31543,434.42966,502.1854,484.055,467.0288,355.90686,581.7872,441.4293,426.20807,837.54755
Barbados,BRB,,,263.0,,183.0,,187.0,,,,,,,,
Belarus,BLR,238.25,175.75229,225.70169,287.9538,197.16843,187.6519,158.23463,264.72507,276.99268,228.6701,198.74603,179.84848,182.40541,232.7931,396.59015
Belgium,BEL,,153.0,188.5,180.0,236.5,,141.0,183.5,127.0,351.0,141.75,279.5,,282.25,302.0
Belize,BLZ,293.50806,327.5707,340.44217,329.11642,326.00616,352.44818,298.51294,304.15964,310.03284,277.61386,292.2651,280.54642,358.29318,284.0,248.36014
Benin,BEN,361.51782,347.9587,354.9258,340.033,371.33548,384.05435,333.28998,389.71353,353.59665,439.0177,435.29465,419.82526,456.8218,517.1458,550.72144
Bhutan,BTN,540.8108,355.97675,426.84506,634.71796,570.74194,396.80435,360.21054,547.0625,335.79166,505.07895,295.0,504.82352,455.81482,421.64517,782.2727
Bolivia,BOL,526.25024,433.66534,387.74417,485.22403,525.64044,490.36707,406.98825,722.1182,575.61285,616.7801,548.0782,578.48785,1154.7661,503.30316,369.2902
Bonaire Sint Eustatius and Saba,BES,,,,,,,,,,,,,161.0,,
Bosnia and Herzegovina,BIH,448.77826,311.10257,195.3158,365.38196,305.40668,497.34946,180.4,278.68024,405.63605,454.6783,359.30176,196.2,318.25244,416.4125,296.61627
Botswana,BWA,1024.3931,915.60657,830.54736,823.2717,826.601,1177.8267,950.51294,850.60077,980.41986,1215.7435,1207.8219,1018.76794,761.5166,991.76373,538.36
Brazil,BRA,529.7329,379.3777,433.22992,468.61972,450.1492,521.2311,354.8321,520.8062,543.5757,489.34958,450.09586,422.37906,648.6829,536.04083,380.6251
British Virgin Islands,VGB,,,,,,139.0,149.5,,166.0,,,,,,
Brunei,BRN,168.83333,395.0,398.0,315.54544,334.4375,,386.0,268.0,278.14285,199.28572,186.2,227.0,269.6,,297.6
Bulgaria,BGR,287.4411,258.13556,232.47348,246.0981,257.26215,251.79749,186.979,274.41992,230.33533,246.78676,227.2,247.74603,338.89474,379.68042,239.42857
Burkina Faso,BFA,369.6587,369.92123,363.47556,370.1839,374.47455,376.58755,312.7881,365.7597,362.22537,381.607,381.45142,443.10284,491.1302,673.48926,511.583
Burundi,BDI,318.98325,330.1718,315.9,325.93567,303.30865,302.6478,323.55444,332.48407,338.6875,313.0645,335.86615,336.29245,325.1726,295.73026,399.0
Cambodia,KHM,367.3462,399.78577,373.4002,377.9735,390.62347,387.212,346.30627,352.09427,352.28915,375.2468,352.63596,336.46558,361.79898,351.6306,531.47375
Cameroon,CMR,339.1566,343.12976,333.6997,325.70642,341.37643,343.3259,310.855,330.1261,322.679,336.43085,316.73132,356.884,325.0048,395.0175,459.53122
Canada,CAN,613.4452,741.88074,773.04767,750.2883,471.0701,747.9774,727.631,765.4776,261.63916,872.1817,625.078,1119.5636,1030.7115,901.485,235.12541
Cape Verde,CPV,192.0,,1688.5714,516.0,,,236.0,,,,169.0,724.5,,407.5,262.5
Cayman Islands,CYM,,,,,,,,,,,,191.0,,,130.0
Central African Republic,CAF,427.06873,444.34738,449.61557,451.71216,471.73788,451.89835,451.91684,435.78812,443.38705,438.88165,439.772,445.40738,424.59875,531.28625,682.1374
Chad,TCD,452.18628,427.1847,411.27826,422.04987,442.42572,432.67358,380.30505,430.7826,417.05518,414.25266,406.31088,419.81815,393.4447,527.60205,536.3282
Chile,CHL,294.0661,269.02036,341.27472,368.3156,318.87933,755.73047,260.5598,346.97964,344.41953,308.2816,387.18112,793.30896,334.97876,355.7567,532.2862
China,CHN,276.07306,270.30978,288.55548,299.26096,262.97357,284.40543,214.86917,277.58386,326.37753,302.47784,280.9809,312.9414,302.58762,445.79572,564.6523
Colombia,COL,323.6215,355.45096,388.20563,332.5505,395.86328,351.2537,322.39417,381.28674,377.83243,321.10327,400.19968,294.93164,353.78293,297.96594,362.74127
Comoros,COM,307.8,275.08334,271.0,252.64,320.6,240.18182,220.0625,320.88235,257.5,310.77777,206.0,219.5,385.05,270.0,250.0
Congo,COG,326.54102,320.0964,314.2605,314.24304,327.89273,315.37912,303.6994,308.57953,310.6164,295.12015,303.8286,306.27505,320.6928,328.89758,332.06958
Costa Rica,CRI,358.4346,370.9594,347.49695,391.36035,408.51398,365.92856,409.07574,401.605,355.89172,374.1887,452.22775,241.70526,394.24722,214.61482,350.44772
Cote d'Ivoire,CIV,355.72186,366.79553,349.07947,355.29776,381.50327,363.4197,381.96106,352.62326,357.11792,357.94818,360.6976,355.47833,387.23776,459.20093,459.88596
Croatia,HRV,343.625,244.3,191.1923,339.31482,317.3654,534.2805,134.95744,239.22826,499.56818,245.29268,341.22314,291.0,588.55,223.5,216.8125
Cuba,CUB,287.27866,290.286,277.2,300.6663,269.2035,307.07565,269.39166,271.35217,315.37396,312.86057,280.2551,302.2799,327.89032,241.6466,244.58626
Curacao,CUW,154.66667,112.0,,171.0,,,,,,,,,,,
Cyprus,CYP,241.3077,356.1111,271.0,302.0,789.75,195.0,227.875,235.75,776.3333,350.22223,277.66666,231.5,323.0,244.5,
Czechia,CZE,210.0,177.0,168.33333,150.33333,120.0,205.33333,142.75,177.0,142.5,117.25,100.0,141.5,112.0,137.0,271.0
Democratic Republic of Congo,COD,387.01538,398.67838,388.4973,402.6484,398.5149,399.19788,389.31238,393.1387,399.40128,365.57385,372.64178,382.08316,386.48386,399.28986,503.1008
Denmark,DNK,136.75,96.333336,130.75,123.57143,79.0,168.5,177.0,,,161.25,141.45454,190.2,,159.92308,158.44444
Djibouti,DJI,,,,,240.0,202.0,185.5,340.0,460.0,136.0,,,,254.0,207.0
Dominica,DMA,,,,,,178.0,,247.0,131.0,207.0,,198.0,,179.0,149.0
Dominican Republic,DOM,261.0766,301.25,283.10318,316.09265,231.08461,240.85263,215.48296,258.51675,248.11594,262.63208,345.87662,244.24632,269.302,194.31464,171.82259
East Timor,TLS,296.53845,260.49277,316.67154,265.51962,260.14816,324.11667,211.90541,318.98523,300.49286,245.16327,271.45456,282.81482,315.4918,268.45834,
Ecuador,ECU,333.9214,286.59506,279.26776,384.26968,298.2943,299.66293,250.75653,450.16425,305.37442,279.0018,355.69473,319.0463,378.8521,380.72485,323.83823
Egypt,EGY,216.07018,233.5,195.1236,243.88333,222.14018,188.27618,209.77777,202.6,218.9697,175.22449,251.34409,225.11578,231.73134,264.85715,302.95
El Salvador,SLV,281.687,329.07553,280.3604,325.2199,269.11765,358.44693,284.18616,375.55603,278.20816,244.09091,269.34433,210.15686,276.90244,205.5,250.55756
Equatorial Guinea,GNQ,232.16667,279.7857,229.66667,305.51724,201.53847,205.71428,198.625,239.07143,231.35294,227.2,217.73334,220.94444,360.25,274.9,223.77777
Eritrea,ERI,281.2258,380.03845,415.5909,329.34784,249.4,297.22223,305.70587,585.4054,568.4486,342.48276,369.25424,417.43182,332.18182,470.73865,462.0645
Estonia,EST,,148.0,78.333336,70.666664,4.0,,211.16667,13.0,,,4.0,145.0,,,115.0
Eswatini,SWZ,345.9499,361.28912,349.72998,305.20462,320.97238,321.65686,289.9269,363.12296,298.831,300.7613,297.6653,312.55554,323.1696,311.20587,277.52084
Ethiopia,ETH,487.20163,479.83838,482.79944,488.70374,476.39,489.6004,415.06467,466.57657,420.6754,454.1598,429.16428,405.0245,393.7162,431.449,562.48584
Europe,OWID_EUR,567.0983,422.3185,399.9703,394.52298,532.92487,386.76166,447.18753,471.3156,471.79517,655.2013,426.50858,531.6247,610.89795,509.35208,438.07498
European Union (27),OWID_EU27,306.49103,279.59262,243.13678,270.08118,321.41418,353.54916,205.6589,262.61996,284.64633,353.6085,355.0063,391.3434,385.38165,519.1477,331.13602
Falkland Islands,FLK,524.2778,253.0,260.0,333.6,288.15384,225.55556,358.5,136.0,142.0,231.16667,221.78947,172.66667,134.0,,181.0
Fiji,FJI,248.27942,255.93965,275.08524,295.52942,263.34885,271.2686,237.97159,243.6909,227.16667,269.54166,256.92426,278.35715,282.11,286.63635,194.0
Finland,FIN,121.57143,150.92857,125.25,130.25,126.14286,139.4,170.41176,110.5,156.625,255.0,111.0,128.75,114.23077,149.0625,220.0
France,FRA,256.70892,179.59421,241.84024,230.27777,256.7265,300.31274,173.4375,282.86545,243.13954,268.971,455.94788,264.93182,197.68,274.15268,427.87952
French Guiana,GUF,291.35043,254.31482,253.01724,307.21698,315.06616,250.92982,230.60484,260.09677,300.12857,222.03334,256.56757,267.88818,284.1236,332.60306,330.44446
Gabon,GAB,346.1532,310.09442,311.99292,299.4439,298.23956,305.8576,288.6126,295.90436,282.153,282.7304,288.12134,306.30353,308.87177,311.63266,279.76135
Gambia,GMB,424.91162,418.94574,385.8125,438.84677,414.30234,412.92096,458.40677,412.81094,428.28476,384.09616,451.51987,428.75916,453.94904,435.0597,604.49304
Georgia,GEO,254.39166,279.04166,247.64407,345.1087,289.2639,301.34482,291.94,394.08975,300.81482,330.18692,283.69513,279.77777,288.58572,320.84656,331.6
Germany,DEU,236.0,146.93333,146.11111,241.5,162.91667,137.875,226.71428,230.62962,145.61111,135.42857,200.92308,225.25,206.24243,226.68657,213.91667
Ghana,GHA,396.07407,392.6507,399.1874,401.84628,413.14456,407.94125,408.4856,414.36172,408.68646,391.12714,422.19748,405.31143,422.48984,491.82678,654.9146
Greece,GRC,418.29462,298.2682,303.5318,305.3552,400.36072,361.3759,267.64462,289.33945,319.36697,1414.0416,392.12613,1762.4479,555.5106,465.34067,369.2381
Greenland,GRL,,,139.0,506.0,105.0,748.0,,644.0,118.75,,,,,,89.0
Grenada,GRD,,,,,,,,,,,,,,,207.0
Guadeloupe,GLP,,,195.5,,,,188.0,,,,,185.0,,,211.0
Guam,GUM,351.0,290.0,579.5,250.25,244.75,336.0,193.0,277.75,139.0,247.5,359.0,,228.33333,234.0,
Guatemala,GTM,298.74573,314.08966,285.10684,306.20844,310.18405,317.50082,271.49734,300.87112,335.28702,281.21054,268.13885,239.25508,387.93124,252.50421,249.9373
Guinea,GIN,402.8552,377.39847,401.874,389.45798,394.11142,389.9165,391.02933,374.67072,366.27298,364.5427,357.09656,357.42755,367.9993,364.94034,502.00546
Guinea-Bissau,GNB,351.34244,344.6112,364.21744,376.96564,362.27026,342.4501,329.37418,351.63684,346.9556,323.0454,329.3798,312.55212,353.31744,324.4904,482.9965
Guyana,GUY,308.56403,284.68307,299.46994,315.35,358.39645,288.4066,219.35796,318.4734,289.07938,254.93259,261.5819,279.62653,437.9347,319.74292,312.94492
Haiti,HTI,246.90625,260.24417,231.02272,235.89854,225.69698,221.60869,252.20512,224.17647,218.51546,254.93443,229.20409,240.6033,219.21312,178.33566,169.69812
Honduras,HND,271.26056,318.1618,319.0119,367.0153,329.63126,325.61267,349.62036,354.70377,443.82748,264.07306,327.98544,304.2158,372.57758,268.59937,284.548
Hong Kong,HKG,,189.0,434.5,162.0,851.0,391.0,285.66666,208.0,207.0,624.5,164.0,,195.0,827.0,
Hungary,HUN,218.82259,172.17143,161.21739,175.23077,148.4,171.02942,131.02,187.61363,161.91304,146.09525,219.28432,137.83333,224.1875,195.38235,207.06383
Iceland,ISL,58.0,82.333336,571.4773,192.23077,71.0,,60.75,66.0,101.0,943.375,234.05,1049.5,935.81396,384.1111,81.0
India,IND,376.746,349.17685,372.1316,347.3597,380.18625,360.14502,325.2062,352.8193,350.23593,400.2887,343.86832,336.99432,324.0747,382.7653,472.2506
Indonesia,IDN,354.437,381.6528,418.78088,453.0081,329.5269,296.80035,296.69305,460.02905,296.63876,277.06573,281.51636,372.0597,298.17728,364.16513,401.68167
Iran,IRN,226.24048,217.46365,232.78134,229.60939,248.88078,252.80952,224.58974,255.32945,272.7597,230.37585,218.00966,242.03586,249.43494,285.07193,290.7925
Iraq,IRQ,238.36705,229.42148,241.11232,326.52106,279.5,241.32475,265.5946,289.7718,269.43176,243.99939,245.21313,270.559,255.22775,324.29752,277.296
Ireland,IRL,238.92308,268.23077,179.66667,292.3729,183.14285,317.03333,226.57895,193.5,243.8125,265.5,234.52942,190.28572,205.0,252.32143,284.75
Israel,ISR,230.13333,437.0,329.3,294.08,313.25,257.83334,195.26666,260.9655,315.65216,260.92105,214.66667,237.55556,273.92,256.2143,219.0
Italy,ITA,274.00388,250.2168,237.67706,235.7829,246.08421,316.74445,227.80298,238.69897,244.99773,336.44293,256.51782,291.1709,253.0405,266.58853,315.84375
Jamaica,JAM,217.51724,220.19048,303.78787,349.0,223.66667,263.14285,238.97058,239.34375,234.68292,250.64706,255.64706,213.78947,266.08694,186.72414,153.1579
Japan,JPN,310.4,333.56,544.06665,462.16666,323.0,261.22223,481.77777,367.35294,447.1081,242.48,485.6842,285.0,288.57144,420.68182,550.7963
Jordan,JOR,,206.5,,121.181816,148.0,115.333336,58.333332,91.5,184.0,158.75,172.2,53.8,88.25,103.28571,266.0
Kazakhstan,KAZ,385.87292,348.43805,439.0761,505.17758,365.29822,559.7955,409.32263,498.183,404.06232,427.98724,375.80936,359.5636,319.31796,311.63092,422.1293
Kenya,KEN,536.4252,433.1398,363.07132,359.18512,338.92908,318.71204,267.6154,412.49384,436.29553,405.1551,330.42355,346.92856,377.96484,493.6593,372.59006
Kosovo,OWID_KOS,320.16934,206.69444,235.84616,268.30304,211.85715,272.02,186.0,286.12988,307.14584,230.02777,189.21875,190.26315,234.03636,365.44644,247.5
Kuwait,KWT,189.0,174.0,177.57143,176.8,290.0,177.33333,207.66667,251.63637,278.25,200.0,160.2,,177.33333,,
Kyrgyzstan,KGZ,284.5821,255.04082,237.48215,317.42856,219.06522,274.66,220.4557,228.82812,179.57446,198.02632,168.32259,158.41176,189.0,249.18367,208.88235
Laos,LAO,472.529,449.1452,482.74078,487.0445,457.09613,458.37955,462.34518,424.97025,463.58112,407.4892,376.85483,471.0995,412.4276,383.8993,666.58276
Latvia,LVA,138.66667,156.0,152.5,143.8,141.25,149.33333,306.26666,184.7,207.0,238.0,168.16667,338.0,157.0,191.0,425.0
Lebanon,LBN,144.0,212.3158,439.0,166.0,182.4375,195.63637,157.33333,168.58333,253.04762,246.84,229.16667,260.27274,213.85106,275.18182,
Lesotho,LSO,262.45456,320.72058,307.41537,236.08861,257.16666,242.6,231.45,309.1075,259.42426,246.33664,280.4023,260.19107,288.0431,233.93549,
Liberia,LBR,340.39352,328.4304,342.63715,380.48508,312.73685,344.7716,322.00876,342.33698,314.20667,279.72217,297.36856,318.5576,311.06317,310.70657,400.72025
Libya,LBY,257.3158,322.25,190.3125,214.89473,220.72728,243.26315,203.42308,185.21739,259.72415,258.92307,229.16667,183.92308,217.61539,197.125,134.4
Lithuania,LTU,168.375,135.8,142.44444,189.0,112.0,191.0,164.4,203.85715,161.5,133.25,119.0,151.2,133.2,164.33333,188.5
Madagascar,MDG,302.175,324.29044,307.0921,315.27652,312.5489,307.75253,258.586,306.01602,311.2455,283.94543,303.10538,301.40637,303.51978,352.71893,359.76028
Malawi,MWI,377.49545,342.7247,349.04855,346.60327,366.66278,337.86124,299.71384,341.75922,355.49844,326.5232,352.6098,352.38153,356.7445,466.7563,262.16666
Malaysia,MYS,330.12674,307.29462,346.03592,312.2,343.64713,262.3846,283.149,305.3354,273.728,271.59885,227.67961,246.8024,332.41177,275.73294,345.52606
Mali,MLI,374.9045,362.6133,343.7269,358.1141,355.05258,357.92294,313.89737,353.827,368.12433,360.5211,374.1628,374.506,400.35492,516.62964,487.27032
Malta,MLT,,,,,,,,,174.0,,,,,,
Martinique,MTQ,,,,,,,,181.0,,192.0,,,174.0,124.0,
Mauritania,MRT,721.664,544.5125,473.13333,468.52777,640.5263,583.42426,347.3889,488.84525,546.81635,670.2327,603.36664,575.78644,600.6067,945.62036,771.2804
Mauritius,MUS,265.33334,206.33333,251.85715,,191.5,180.0,153.66667,244.0,303.0,197.0,202.25,,243.33333,280.25,
Mayotte,MYT,,268.0,,,169.0,,,,,,,,,218.0,
Mexico,MEX,399.88547,378.7021,303.34576,306.6637,346.33313,407.395,382.71063,405.26666,363.59897,374.8128,333.16336,316.548,489.49268,345.01913,262.95303
Micronesia (country),FSM,,,,,245.5,,,,,,,,,,
Moldova,MDA,194.63934,196.81294,210.32042,213.21118,214.45992,202.87074,164.56097,194.06061,171.95161,210.20879,180.36932,208.43333,184.86667,176.52174,290.66666
Mongolia,MNG,1245.9181,712.3836,857.3777,1302.2947,636.8383,805.25806,790.47296,691.1894,443.2157,419.78873,738.4186,1075.698,559.783,677.9251,765.9365
Montenegro,MNE,551.6322,311.0,169.4,412.4592,276.30768,634.8986,359.75,308.12122,316.34647,932.28125,424.97333,,508.31915,503.4035,337.72726
Montserrat,MSR,,,,,,,,,301.0,,,,,,
Morocco,MAR,543.5682,284.85294,236.83333,240.73077,394.2973,322.28946,199.0,370.2857,462.07895,307.3095,980.6739,452.53192,223.0,275.29166,
Mozambique,MOZ,406.61487,425.27145,419.80392,395.69913,413.44977,407.40472,373.58008,400.9087,397.16415,395.39453,421.42838,384.32025,387.50677,488.06375,299.39072
Myanmar,MMR,419.14557,407.45395,417.55923,399.99774,382.3424,387.69128,352.74847,385.2371,391.60672,404.4845,341.77667,424.12598,422.4382,407.1447,617.49396
Namibia,NAM,957.25287,756.53986,549.29535,696.87177,686.4168,667.54486,629.4251,691.17944,759.0055,747.1027,718.26904,713.55396,624.08826,946.4034,291.89285
Nepal,NPL,425.25394,417.89584,407.73962,333.49667,486.66837,489.0282,389.12534,531.75806,327.08057,433.7025,427.8837,372.36273,325.74414,331.54358,504.96164
Netherlands,NLD,,197.0,363.66666,139.0,,,183.0,214.5,653.5,105.0,175.0,174.0,138.0,134.0,362.8
New Caledonia,NCL,219.4,319.35135,274.21054,301.76923,283.87656,324.01315,223.79488,401.49286,229.8421,259.68604,149.63333,291.3846,348.16455,429.0,270.5
New Zealand,NZL,192.3561,209.39726,215.02213,212.54222,199.5989,229.47552,187.42554,223.86284,219.45087,210.27058,207.40384,231.74467,227.23077,218.85246,215.0921
Nicaragua,NIC,289.06317,307.44968,309.63864,294.5691,334.54373,301.76895,308.87762,325.28906,312.3878,264.26086,293.28278,266.1961,399.1204,240.35664,241.6436
Niger,NER,464.80435,404.46796,441.66165,495.89856,505.90652,445.50153,415.10037,397.65665,407.6083,476.2129,448.84647,421.56744,616.7362,657.6136,507.5691
Nigeria,NGA,341.7464,343.78458,351.8766,353.5122,386.06625,367.07208,347.7054,357.29965,365.05356,380.21094,363.22412,387.2187,360.9272,457.98996,522.7211
North America,OWID_NAM,428.76184,403.87933,401.94656,424.06256,361.72794,446.47714,428.32138,391.07413,410.2747,461.2208,379.68915,463.69446,531.2984,395.06155,258.3309
North Korea,PRK,261.7444,234.29184,372.63492,479.6401,275.1889,377.69714,309.29788,399.7511,296.71112,241.8,275.3871,268.96875,329.8913,329.44446,458.66666
North Macedonia,MKD,428.56097,287.32468,207.61363,289.7738,250.61539,383.47693,173.85106,354.96753,242.275,361.81082,308.91428,327.19403,740.42737,510.88058,365.22223
Northern Cyprus,OWID_CYN,219.0,158.5,150.0,,,370.0,11.0,,657.5,168.0,915.6667,172.0,267.33334,,
Northern Mariana Islands,MNP,195.66667,278.5,,,208.5,177.5,329.0,284.0,354.0,259.0,,202.0,219.0,208.0,
Norway,NOR,170.0,212.5,146.83333,124.333336,117.5,128.66667,127.9,183.3077,213.0,107.75,133.0,133.66667,195.0,145.5,209.0
Oceania,OWID_OCE,1201.0763,822.309,902.5606,842.72845,711.81726,807.69806,854.22864,1068.0745,682.869,674.0503,723.2937,1096.7079,801.18304,1083.3036,799.1432
Oman,OMN,185.5,240.0,168.0,184.0,199.66667,206.5,128.0,211.66667,144.57143,218.88889,215.57143,,,418.0,243.0
Pakistan,PAK,256.00424,228.35715,235.65099,221.55899,270.0818,247.888,211.82608,231.6947,233.96527,234.51373,268.89853,230.0116,245.8668,312.03973,280.8034
Palau,PLW,,170.0,,,,,173.0,,188.0,,,,,,
Palestine,PSE,48.5,175.3,3.0,214.5,205.0,237.0,,218.09091,238.5625,176.57895,138.8,157.8,213.16667,243.66667,154.0
Panama,PAN,266.7859,264.50937,264.9289,284.45468,320.36566,250.09264,249.78297,307.06473,267.17746,249.99286,238.77777,238.53835,281.05902,194.4491,218.83379
Papua New Guinea,PNG,330.37738,313.93692,356.06296,390.08783,305.2069,315.4383,312.07047,323.18213,295.93265,277.89948,300.64746,381.4007,304.54324,306.61652,313.11243
Paraguay,PRY,398.84808,410.85687,402.53656,389.37576,377.897,426.48282,356.90814,423.36108,515.41455,475.1835,436.26895,470.58832,445.57086,376.67932,401.1439
Peru,PER,292.7739,292.01892,277.18414,280.91528,301.25876,276.819,263.71622,300.72037,279.4595,275.40668,305.05255,276.86176,323.75534,300.2438,275.41238
Philippines,PHL,267.25293,263.33475,267.94272,281.1322,276.2271,288.47287,262.04782,285.29865,261.08676,240.625,262.56427,302.04007,289.96353,256.56012,378.48972
Poland,POL,147.48718,114.545456,155.7,139.7234,139.30435,118.55556,138.57143,134.76315,311.125,115.583336,138.0,163.28572,171.94118,161.14815,289.06668
Portugal,PRT,426.51962,461.50748,275.4353,328.93854,685.0559,733.62134,521.58826,300.17792,495.7787,275.75372,532.1921,385.14706,1342.992,1325.6575,333.45044
Puerto Rico,PRI,249.25,404.33334,279.2857,254.66667,221.5,205.6,251.5,251.7,,275.66666,196.71428,165.75,313.66666,250.33333,186.66667
Qatar,QAT,104.666664,110.181816,113.63158,110.5,112.22727,111.84615,108.3,108.47369,111.0,,,,,,
Reunion,REU,,288.0,416.5,963.8182,479.0,508.3684,1033.8572,938.7273,1426.8334,1318.25,1224.0,727.6,,,2006.0
Romania,ROU,234.14844,234.29167,229.23569,241.00943,262.41568,234.39903,164.36983,238.82074,266.11765,257.25998,236.76837,220.65027,244.36923,272.74878,268.21277
Russia,RUS,634.2707,469.96646,448.7002,453.9297,630.32214,429.51535,525.86035,545.3682,520.0007,722.8962,468.3624,579.7747,701.5707,560.6955,473.16632
Rwanda,RWA,406.375,380.0873,546.8387,487.7158,355.84872,410.0351,396.83334,371.9565,402.03333,410.02084,467.55768,394.79413,401.5111,315.93332,406.0
Saint Kitts and Nevis,KNA,,202.0,193.33333,200.0,,315.0,258.0,195.0,170.0,,513.0,,,140.0,151.33333
Saint Lucia,LCA,,,,235.0,,,,,177.0,,,,,,
Saint Vincent and the Grenadines,VCT,,,,,,,,,245.0,214.25,,,,,
Sao Tome and Principe,STP,369.0,,,,,,,280.5,225.0,,,,234.0,207.66667,
Saudi Arabia,SAU,291.5862,264.76315,242.7561,246.97223,269.4138,230.4375,215.21428,263.1,259.7037,223.36957,381.26923,242.03226,266.35715,359.22223,314.25
Senegal,SEN,398.76178,410.20782,441.92715,427.94427,428.00894,448.39005,391.31943,428.86972,450.76352,427.62094,462.07034,445.03333,435.62936,515.47906,717.14844
Serbia,SRB,276.12448,220.544,209.03847,209.74026,210.82,238.53125,213.37282,302.91534,204.42554,225.07097,199.90225,236.44698,346.4456,252.10828,292.05554
Sierra Leone,SLE,438.0759,384.59164,409.86197,440.16028,384.41983,384.59027,350.06305,365.9779,346.6148,317.86533,345.2471,358.83337,345.16272,345.91513,463.50623
Slovakia,SVK,239.36363,158.0,137.9,160.33333,219.5,163.75,158.2,142.5,130.4,,128.90909,125.0,,123.0,176.0
Slovenia,SVN,232.0,170.0,,,478.0,311.66666,,163.0,,,315.66666,77.0,207.0,143.0,353.5
Solomon Islands,SLB,240.38461,135.0,195.5,258.375,205.33333,178.5,142.25,206.85715,199.83333,189.4,204.10527,195.07692,209.0,215.0,
Somalia,SOM,366.05194,416.8232,292.1868,284.0606,275.33334,233.54054,190.64285,313.2097,292.51852,275.15475,242.8372,259.09375,273.74,268.8889,300.55554
South Africa,ZAF,412.56363,402.34622,413.4732,400.6342,396.16873,424.9857,374.42758,390.24158,362.30258,388.93454,398.64673,425.3504,413.7693,419.20895,476.98764
South America,OWID_SAM,476.2067,382.35938,410.2924,436.466,435.55392,478.52213,355.4304,489.7327,486.82715,461.37613,447.31326,417.88477,615.4364,443.0076,383.1665
South Korea,KOR,272.25,251.53334,539.1429,320.45456,328.58334,536.4375,375.33334,347.6842,314.76,184.5,1267.9286,412.3846,42.0,1752.2894,315.13333
South Sudan,SSD,614.1652,575.0662,597.5005,583.5895,593.4216,552.5422,507.41058,544.1349,521.6942,523.27515,499.21765,490.86447,528.2214,673.5567,690.95233
Spain,ESP,499.65195,276.70224,254.14497,367.77216,361.45203,375.39938,222.23529,329.64896,339.85162,455.475,709.939,436.82608,305.36322,1065.5825,366.76556
Sri Lanka,LKA,268.0152,290.44867,287.97165,266.10184,265.556,239.69725,245.13586,264.0056,222.52,238.55714,260.35355,264.00626,289.8889,248.93407,570.1539
Sudan,SDN,475.54285,427.4822,438.88037,430.78018,460.13,444.38974,343.1619,418.6507,415.20193,407.25845,378.29855,394.48788,399.04483,542.1333,508.86896
Suriname,SUR,375.06494,327.98245,288.224,303.9899,306.52298,317.25882,201.54146,329.77536,292.79593,245.2069,289.9762,278.72638,494.60562,266.50278,418.84616
Svalbard and Jan Mayen,SJM,,,,,,101.0,,,,,,,,,
Sweden,SWE,150.92308,134.85715,607.7647,146.3,161.58333,164.45454,521.1539,159.6875,287.80356,166.18182,135.0,181.16667,138.85715,215.57143,118.5
Switzerland,CHE,,,,81.0,252.5,90.333336,80.25,13.0,160.0,100.0,370.0,380.0,,,
Syria,SYR,428.66464,258.5457,245.18706,282.9571,251.51501,255.18857,193.40642,294.56418,297.9947,188.54167,194.56667,267.4516,247.7529,549.56177,196.625
Taiwan,TWN,151.0,217.5,245.2,243.55556,182.5,176.0,199.0,162.75,189.42857,201.5,196.0,264.55554,166.0,281.0,263.66666
Tajikistan,TJK,246.72728,386.8611,292.31033,180.3158,238.25926,237.82353,249.625,241.64285,253.68182,210.73685,237.35715,197.63637,245.875,243.0,287.25
Tanzania,TZA,404.08685,404.32867,389.34683,413.29016,415.85352,404.3741,348.06314,414.44662,415.0069,400.62714,376.1995,371.39694,376.57718,447.78476,311.22223
Thailand,THA,384.82358,365.4198,366.49487,350.4341,391.40106,352.78696,376.39984,392.2102,402.79468,382.5596,282.52972,419.1017,427.85236,404.0008,827.68964
Togo,TGO,317.01025,303.4195,311.98557,313.78754,321.0353,304.20715,303.03342,315.74182,301.49405,318.34558,315.49677,309.31674,308.87814,381.84525,465.5411
Trinidad and Tobago,TTO,235.66667,257.77777,323.2353,225.57143,398.92,285.58334,239.85715,300.58334,255.03125,156.0,201.0,250.25,370.26315,138.44444,209.60785
Tunisia,TUN,248.26582,540.46155,375.01205,409.48837,411.30304,549.47144,205.7,304.37256,360.0263,625.07574,379.3793,325.15152,257.6154,278.0238,163.0
Turkey,TUR,316.43228,296.5534,296.8201,321.5329,310.66998,305.21335,253.08412,266.91574,273.12973,383.5164,256.59024,239.95459,257.3512,376.56827,311.77194
Turkmenistan,TKM,221.04297,214.81003,218.62564,215.3159,223.35974,179.5192,159.18616,263.7113,218.78526,189.37314,176.02747,208.23932,194.88524,220.74774,298.04443
Turks and Caicos Islands,TCA,,,,,,,190.0,,239.0,,,102.0,205.0,299.0,
Uganda,UGA,392.29364,372.52014,344.0292,369.89,371.3275,394.02618,325.0021,356.68115,359.92834,347.1534,335.0742,330.62357,320.0775,412.3805,469.32214
Ukraine,UKR,216.389,211.5,234.22343,238.12807,225.30853,243.69897,188.76834,228.39745,259.99905,209.87247,239.8114,243.69138,275.83044,261.41107,294.375
United Arab Emirates,ARE,146.0,,116.0,150.71428,116.0,116.0,137.0,24.0,175.0,,161.5,,119.5,243.0,
United Kingdom,GBR,183.82895,187.71666,138.84616,178.66072,159.7027,219.62903,240.95181,270.19232,269.66666,198.8077,212.98166,288.57144,172.45,393.15833,359.54544
United States,USA,472.84006,375.47388,356.24612,448.32202,375.70322,439.88354,433.38666,353.75095,522.6853,462.09235,410.02148,266.93674,455.93948,273.18414,262.54443
United States Minor Outlying Islands,UMI,175.0,,,,,,,,,,,,,,
United States Virgin Islands,VIR,,,,,,,186.0,,,,,,,,
Uruguay,URY,256.3846,240.5845,223.08537,240.78767,222.26596,244.4,230.27559,248.91936,263.4862,424.2093,257.4,286.77194,289.825,253.46153,275.83722
Uzbekistan,UZB,259.9863,237.79463,283.7992,275.73874,230.23137,222.96483,270.31464,270.93802,262.1889,307.1781,257.11465,254.50206,203.16551,236.39502,288.43872
Vanuatu,VUT,299.85184,322.61856,342.09677,348.35898,429.73334,348.73468,378.38373,347.64706,338.09375,229.20589,258.1613,303.36365,226.59259,198.33333,1336.3
Venezuela,VEN,341.0831,372.2418,363.97083,345.4359,394.0271,328.79257,352.7478,390.6857,389.93973,322.97455,366.25714,316.14804,426.7029,304.98526,381.07358
Vietnam,VNM,320.1232,299.84894,315.53177,306.02286,313.97574,291.3281,269.1408,284.30908,286.48282,259.8207,236.60997,268.5793,270.2269,275.4199,418.72763
Western Sahara,ESH,,,,,,,145.0,,262.0,,,,,,
World,OWID_WRL,478.6525,420.74933,428.3987,436.3481,428.57962,443.6784,406.18884,444.80908,427.5797,430.4478,416.98285,452.01218,461.31747,486.98013,505.90045
Yemen,YEM,266.0,194.0,238.625,166.0,,172.33333,161.83333,223.0,180.0,192.44444,195.0,243.33333,18.0,305.0909,393.33334
Zambia,ZMB,400.57764,404.1929,397.70346,412.7748,407.7388,413.10477,375.09564,409.9643,415.22244,396.53568,403.1259,389.1865,398.06073,465.1611,342.08035
Zimbabwe,ZWE,435.1982,397.0768,408.1266,443.6633,403.21277,422.36752,364.92032,409.69287,355.25415,363.70297,453.0072,358.25348,344.38022,398.80966,360.55713
