Entity,Code,Year,2024,2023,2022,2021,2020,2019,2018,2017,2016,2015,2014,2013,2012,2025,2026
Australia,AUS,1,605610,53886,348855,36627,481560,911362,270315,30200,262905,251221,356063,851189,174312,396770,497967
Australia,AUS,2,818595,118520,668366,115793,959384,1567817,508874,72150,544229,308137,663903,1952216,291189,917501,1200816
Australia,AUS,3,921844,189216,756265,187189,1143046,2123953,743832,134839,719047,389137,1183710,2316736,542200,1221131,1503168
Australia,AUS,4,1001891,247139,786402,271748,1551500,2376155,864315,189747,788365,534866,1385132,2545339,787088,1984994,1756197
Australia,AUS,5,1114508,309813,812182,326656,1709693,2491469,881402,258249,816846,811935,1450889,3006447,1068230,2559936,1868318
Australia,AUS,6,1195061,406774,873438,347476,1879601,2750258,906198,335052,885086,942267,1561319,3233882,1439083,2675954,1931779
Australia,AUS,7,1237869,574519,979487,373104,2011147,3202469,923264,432679,984273,1057308,1669033,3389257,2047437,2737524,1969104
Australia,AUS,8,1282262,652360,1093898,415274,2050292,3773767,928155,553007,1075065,1152825,1734424,3487320,2472173,2914803,2025799
Australia,AUS,9,1359233,815232,1196872,471124,2080895,4214876,941186,648319,1246776,1289868,1808698,3519992,2536567,3145899,2101145
Australia,AUS,10,1415371,1342235,1425127,566914,2111696,4378351,1056578,794456,1384917,1588831,1978082,3579147,2593407,3483706,2196061
Australia,AUS,11,1483465,1668243,1719410,683963,2242783,4666190,1315632,1015668,1486454,1856454,2245974,3749444,2665305,3679651,2336967
Australia,AUS,12,1538165,2163515,2181455,750654,2412393,4847496,1522922,1235697,1638804,2306811,2474793,3940620,2757953,3780722,2521058
Australia,AUS,13,1762172,2607625,2889568,920371,2675533,5238098,2129265,1679224,1860772,2830394,2725538,4033579,2997196,3874554,3150777
Australia,AUS,14,2090596,3046810,4015478,1146720,2855907,5533168,2935432,2328782,2298129,3504521,3016598,4296566,3586953,4084636,3733280
Australia,AUS,15,2807297,3204516,4765527,1452645,2949544,5989705,3954343,2775269,3055305,4123563,3306860,4893231,4739429,4499108,5335458
Australia,AUS,16,3759253,4076555,5686861,2255912,3120451,6253414,5607265,3253963,4013252,5295827,3826654,5499961,5897539,4768285,6380509
Australia,AUS,17,4540396,4956746,6398627,3012099,3623429,6765072,7164957,3671485,4706026,7332879,4333532,6447719,6322235,5237375,7479734
Australia,AUS,18,4969188,5914457,7469576,3828347,4345529,7216763,8779693,4692707,4960477,8430855,4695858,7059041,7657592,6158080,8418087
Australia,AUS,19,5912269,7136513,8399780,5033639,5092530,8224474,11214846,6190600,5169360,9979896,5466961,7559747,8958367,7121942,9068063
Australia,AUS,20,6663916,8595447,9415822,6206691,5472797,8603497,12504369,7090350,5698913,10813905,5869423,7684702,10138529,8357459,
Australia,AUS,21,7323031,9963982,10136648,7115510,5796521,9098634,13278031,7850378,5990845,11437571,6634760,7810998,11125412,8916915,
Australia,AUS,22,7491749,10787637,10411981,7600994,6274118,9790946,14184093,8825654,6354588,11974959,7157350,8048440,11924903,9177105,
Australia,AUS,23,8039652,11355139,10872554,7942900,6818851,10328071,15137864,10052184,6841328,12414419,8627343,8320032,12799305,9730883,
Australia,AUS,24,8714310,11978204,11856037,8146680,7215884,10737665,15617864,10872549,7292942,12655845,9140281,8868077,13931071,10673906,
Australia,AUS,25,9410695,12386145,12385757,8496405,7718656,11582965,16463872,11451318,7678769,13118278,9871714,9295628,15063822,11260079,
Australia,AUS,26,9629915,12857090,12559595,8775431,8075970,12082876,16836694,11832234,8351885,13757944,10627692,9903854,16181989,12260137,
Australia,AUS,27,10060179,13208128,13129334,9071737,8703910,12645092,17347420,12032319,9024618,14192443,11208938,10255587,17099092,12904493,
Australia,AUS,28,10695144,13647772,13698740,9548227,9246165,13634600,18165256,12576051,9435084,15116013,11591835,10594938,17466520,13627120,
Australia,AUS,29,11690717,14331708,14509488,10058743,9877922,14300032,18746580,13274424,9933649,15495200,12231981,11047246,18335434,14232536,
Australia,AUS,30,12114618,14920364,15208195,10637432,10467948,15123505,19547036,13928201,10876027,16143054,12816932,11863655,19377838,14879940,
Australia,AUS,31,12480654,15335505,15541744,11045683,10803247,15628898,20041820,14580473,11506802,16670730,13538153,12439001,20498656,15699222,
Australia,AUS,32,12972206,15890789,16068787,11451918,10981879,16139562,20792800,15143816,11898186,17237806,14553364,13096228,22166348,16427945,
Australia,AUS,33,13642996,16623764,17001860,11999380,11237743,16521165,21491588,15782320,12261112,18109280,15720585,13717252,23102220,17706980,
Australia,AUS,34,14113054,17643328,17595294,12418676,11605064,16906392,21915366,16819730,12617204,18658920,17018756,14325527,24569134,18475836,
Australia,AUS,35,14667007,18900544,17989956,12909325,12164671,17695628,22680436,17768472,12857875,19316178,18208862,14891483,26408014,19126544,
Australia,AUS,36,15361653,21491608,18218282,13383640,12404278,18622918,23634424,18721646,13041385,20203372,19131582,15388332,28806708,19715832,
Australia,AUS,37,16234116,23080524,18656296,13915661,12641169,19102548,24621584,20155700,13174841,21249144,20347788,16173183,30834708,21074008,
Australia,AUS,38,16725366,24446602,19283228,14551320,12830717,19529400,25737152,22370302,13276140,22195400,21535688,17007380,33625370,22261604,
Australia,AUS,39,17393430,26389276,19685808,14909603,13515956,20056240,26788472,23482066,13668069,23025016,22866088,17786008,36021050,23394736,
Australia,AUS,40,18551842,29764852,19900554,15529303,13828586,20895600,27813584,24347604,14619055,24236560,24009840,18683480,38061296,25542742,
Australia,AUS,41,20060680,32862540,20303948,15987298,14202254,21725512,30781672,24958000,15447982,25093870,25485784,19405950,40712708,27345284,
Australia,AUS,42,21254860,37057732,20885980,17266250,14518221,23117924,32127792,25638424,16053359,25916676,28040378,20335360,44958852,33516808,
Australia,AUS,43,22927628,41169044,22066108,19096280,14815680,24405016,33734270,26701928,16682075,27127892,29687616,21316116,48517240,35725652,
Australia,AUS,44,25094796,43970244,23586380,20161706,15532110,25159906,35148344,29127300,17268444,28464788,31089640,22330368,51436908,38417340,
Australia,AUS,45,27057732,46685044,24270034,20723512,16186170,26233028,35301420,30866516,18429872,29347076,32813432,23506376,54345860,40032296,
Australia,AUS,46,28344616,47606490,24842028,21775256,17163574,26894416,35301420,31604678,20159628,31161952,33572900,23961780,56430284,40642624,
Australia,AUS,47,28967482,48155244,25091288,22454666,17604192,28000956,35301420,32218772,20861842,32404116,34187204,24259270,59411000,41658000,
Australia,AUS,48,29338788,48918550,25257442,22985200,18136740,29468350,35301420,33874090,21509146,33130668,34544892,24638714,61386676,42798210,
Australia,AUS,49,29738458,50903076,25612238,23628476,18442304,31335254,35301420,35277070,22334304,33461346,34898110,25052916,63362550,43653148,
Australia,AUS,50,30279566,51622376,26120356,24280600,18571492,33007524,35667856,36573548,22613616,33689856,35367800,25393736,64318804,44510304,
Australia,AUS,51,30656402,53134660,26254448,24791414,18663384,34307068,36207308,37620210,22765212,33857570,35788800,25839982,64729944,44922972,
Australia,AUS,52,31066002,54354840,26340776,24958528,18683630,36397800,36700170,37974830,22835256,33967664,35916156,26240098,65298350,45067704,