Table_Number,Year,Measure,Age,Sex,Indigenous_Status,Remoteness,SEIFA_IRSD,Year_Dollars,Description1,Description2,Description3,Description4,Description5,Description8,Data_Source,Unit,NSW,Vic,Qld,WA,SA,Tas,ACT,NT,Total,Aust
9A.4,2024-25,Human resources,All ages,All people,All people,All areas,,,Salaried personnel (FTE),Firefighters,Permanent,,,,State and territory governments (unpublished),no.,4848,5402,2930,1033,920,350,433,256,,16171
9A.4,2024-25,Human resources,All ages,All people,All people,All areas,,,Salaried personnel (FTE),Firefighters,Part-time and other,,,,State and territory governments (unpublished),no.,881,628,185,2,25,2,5,0,,1728
9A.4,2024-25,Human resources,All ages,All people,All people,All areas,,,Salaried personnel (FTE),Firefighters,Other,,,,State and territory governments (unpublished),no.,28,293,11,147,0,0,0,13,,491
9A.4,2024-25,Human resources,All ages,All people,All people,All areas,,,Salaried personnel (FTE),Firefighters,Total,,,,Derived from State and territory governments (unpublished),no.,5756,6323,3125,1182,945,351,438,269,,18390
9A.4,2024-25,Human resources,All ages,All people,All people,All areas,,,Salaried personnel (FTE),Firefighters,Proportion of total FTE staff,,,,Derived from State and territory governments (unpublished),%,75.7,73.8,74.1,64.5,90.1,62.7,75.1,76.2,,74.3
9A.4,2024-25,Human resources,All ages,All people,All people,All areas,,,Salaried personnel (FTE),Firefighters,Rate per 100000 people,,,,Derived from State and territory governments (unpublished); ABS National state and territory population - December,rate,67.4,90.2,55.6,39.3,49.9,61,91,102.6,,67.1
9A.4,2024-25,Human resources,All ages,All people,All people,All areas,,,Salaried personnel (FTE),Support staff,,,,,State and territory governments (unpublished),no.,1845,2242,1091,650,104,209,145,84,,6370
9A.4,2024-25,Human resources,All ages,All people,All people,All areas,,,Salaried personnel (FTE),Total fire service workforce,,,,,Derived from State and territory governments (unpublished),no.,7601,8565,4216,1832,1049,560,583,353,,24760
9A.4,2024-25,Human resources,All ages,All people,All people,Major cities,,,Salaried personnel (FTE),Firefighters by region,Number,,,,State and territory governments (unpublished),no.,3586,3212,1954,997,952,..,366,..,,na
9A.4,2024-25,Human resources,All ages,All people,All people,Inner regional,,,Salaried personnel (FTE),Firefighters by region,Number,,,,State and territory governments (unpublished),no.,688,490,629,61,21,na,63,..,,na
9A.4,2024-25,Human resources,All ages,All people,All people,Outer regional,,,Salaried personnel (FTE),Firefighters by region,Number,,,,State and territory governments (unpublished),no.,174,131,477,109,71,na,10,na,,na
9A.4,2024-25,Human resources,All ages,All people,All people,Remote,,,Salaried personnel (FTE),Firefighters by region,Number,,,,State and territory governments (unpublished),no.,34,0,43,13,0,na,..,na,,na
9A.4,2024-25,Human resources,All ages,All people,All people,Very remote,,,Salaried personnel (FTE),Firefighters by region,Number,,,,State and territory governments (unpublished),no.,6,..,22,2,0,na,..,na,,na
9A.4,2024-25,Human resources,All ages,All people,All people,Major cities,,,Salaried personnel (FTE),Firefighters by region,Rate per 100000 people,,,,Derived from State and territory governments (unpublished); ABS Regional population,rate,56,59,53,42,67,..,77,..,,na
9A.4,2024-25,Human resources,All ages,All people,All people,Inner regional,,,Salaried personnel (FTE),Firefighters by region,Rate per 100000 people,,,,Derived from State and territory governments (unpublished); ABS Regional population,rate,43,39,59,24,11,na,9170,..,,na
9A.4,2024-25,Human resources,All ages,All people,All people,Outer regional,,,Salaried personnel (FTE),Firefighters by region,Rate per 100000 people,,,,Derived from State and territory governments (unpublished); ABS Regional population,rate,45,51,65,56,34,na,..,na,,na
9A.4,2024-25,Human resources,All ages,All people,All people,Remote,,,Salaried personnel (FTE),Firefighters by region,Rate per 100000 people,,,,Derived from State and territory governments (unpublished); ABS Regional population,rate,130,0,58,14,0,na,..,na,,na
9A.4,2024-25,Human resources,All ages,All people,All people,Very remote,,,Salaried personnel (FTE),Firefighters by region,Rate per 100000 people,,,,Derived from State and territory governments (unpublished); ABS Regional population,rate,90,..,41,3,0,na,..,na,,na
9A.4,2024-25,Human resources,<30 years old,All people,All people,All areas,,,Salaried personnel (headcount),Firefighters by age group,Number,,,,State and territory governments (unpublished),no.,682,155,466,53,72,26,45,38,,1537
9A.4,2024-25,Human resources,30-39 years old,All people,All people,All areas,,,Salaried personnel (headcount),Firefighters by age group,Number,,,,State and territory governments (unpublished),no.,1793,1333,1486,398,353,97,138,109,,5707
9A.4,2024-25,Human resources,40-49 years old,All people,All people,All areas,,,Salaried personnel (headcount),Firefighters by age group,Number,,,,State and territory governments (unpublished),no.,1872,1178,1297,353,342,110,131,79,,5362
9A.4,2024-25,Human resources,50-59 years old,All people,All people,All areas,,,Salaried personnel (headcount),Firefighters by age group,Number,,,,State and territory governments (unpublished),no.,1828,711,1164,322,332,99,106,65,,4626
9A.4,2024-25,Human resources,60+ years old,All people,All people,All areas,,,Salaried personnel (headcount),Firefighters by age group,Number,,,,State and territory governments (unpublished),no.,681,483,390,111,172,27,25,10,,1898
9A.4,2024-25,Human resources,All ages,All people,All people,All areas,,,Salaried personnel (headcount),Firefighters by age group,Number,,,,Derived from State and territory governments (unpublished),no.,6855,3860,4803,1236,1271,359,445,301,,19130
9A.4,2024-25,Human resources,All ages,Males,All people,All areas,,,Salaried personnel (headcount),Firefighters by gender,,,,,State and territory governments (unpublished),no.,6024,3646,4383,1142,1184,328,413,258,,17378
9A.4,2024-25,Human resources,All ages,Females,All people,All areas,,,Salaried personnel (headcount),Firefighters by gender,,,,,State and territory governments (unpublished),no.,830,214,420,93,86,30,33,35,,1741
9A.4,2024-25,Human resources,All ages,Other,All people,All areas,,,Salaried personnel (headcount),Firefighters by gender,,,,,State and territory governments (unpublished),no.,2,0,na,1,1,1,0,8,,13
9A.4,2024-25,Human resources,All ages,All people,All people,All areas,,,Salaried personnel (headcount),Firefighters by gender,,,,,State and territory governments (unpublished),no.,6855,3860,4803,1236,1271,359,446,301,,19131
9A.4,2024-25,Human resources,All ages,All people,All people,All areas,,,Salaried personnel (FTE),Firefighters attrition rate,,,,,Derived from State and territory governments (unpublished),%,1.6,1.3,4.7,5.2,7.8,2.6,3.5,3,,2.6
9A.4,2024-25,Human resources,All ages,All people,All people,All areas,,,Salaried personnel (headcount),Firefighters attrition rate,,,,,Derived from State and territory governments (unpublished),%,6.7,2.1,7.1,5,5.9,2.5,3.6,2.7,,5.5
9A.4,2024-25,Human resources,All ages,All people,All people,All areas,,,Volunteers (headcount),Firefighters,,,,,State and territory governments (unpublished),no.,50520,28753,10900,14643,10720,3679,991,646,,120852
9A.4,2024-25,Human resources,All ages,All people,All people,All areas,,,Volunteers (headcount),Support staff,,,,,State and territory governments (unpublished),no.,24429,23043,16765,2163,1990,800,0,0,,69190
9A.4,2024-25,Human resources,All ages,All people,All people,All areas,,,Volunteers (headcount),Total volunteer staff,,,,,Derived from State and territory governments (unpublished),no.,74949,51796,27665,16806,12710,4479,991,646,,190042
9A.4,2024-25,Human resources,All ages,All people,All people,All areas,,,Volunteers (headcount),Total volunteer staff,Rate per 100000 people,,,,Derived from State and territory governments (unpublished); ABS National state and territory population - December,rate,877.1,738.8,492.4,558.6,671.9,777.9,205.7,246.4,,693.6
9A.4,2024-25,Human resources,All ages,Males,All people,All areas,,,Volunteers (headcount),Firefighters by gender,,,,,State and territory governments (unpublished),no.,39783,39232,20114,12251,10008,3076,747,439,,125649
9A.4,2024-25,Human resources,All ages,Females,All people,All areas,,,Volunteers (headcount),Firefighters by gender,,,,,State and territory governments (unpublished),no.,10553,12513,7551,2380,2694,603,235,207,,36736
9A.4,2024-25,Human resources,All ages,Other,All people,All areas,,,Volunteers (headcount),Firefighters by gender,,,,,State and territory governments (unpublished),no.,19,51,na,12,8,na,9,0,,99
9A.4,2024-25,Human resources,All ages,All people,All people,All areas,,,Volunteers (headcount),Firefighters by gender,,,,,State and territory governments (unpublished),no.,50355,51796,27665,14643,12710,3679,991,646,,162484
9A.4,2024-25,Human resources,<30 years old,All people,All people,All areas,,,Volunteers (headcount),Firefighters by age group,,,,,State and territory governments (unpublished),no.,6146,8018,2516,2169,2532,628,98,66,,22173
9A.4,2024-25,Human resources,30-39 years old,All people,All people,All areas,,,Volunteers (headcount),Firefighters by age group,,,,,State and territory governments (unpublished),no.,7059,7555,3398,2537,2133,737,158,57,,23634
9A.4,2024-25,Human resources,40-49 years old,All people,All people,All areas,,,Volunteers (headcount),Firefighters by age group,,,,,State and territory governments (unpublished),no.,7395,7173,4239,2568,2133,678,192,41,,24419
9A.4,2024-25,Human resources,50-59 years old,All people,All people,All areas,,,Volunteers (headcount),Firefighters by age group,,,,,State and territory governments (unpublished),no.,9784,8774,5643,2929,2350,678,199,42,,30399
9A.4,2024-25,Human resources,60+ years old,All people,All people,All areas,,,Volunteers (headcount),Firefighters by age group,,,,,State and territory governments (unpublished),no.,19897,20276,11869,3970,3562,958,266,36,,60834
9A.4,2024-25,Human resources,All ages,All people,All people,All areas,,,Volunteers (headcount),Firefighters by age group,,,,,State and territory governments (unpublished),no.,50275,51796,27665,14172,12710,3679,913,242,,161452
9A.4,2023-24,Human resources,All ages,All people,All people,All areas,,,Salaried personnel (FTE),Firefighters,Permanent,,,,State and territory governments (unpublished),no.,4814,5273,2708,1014,918,345,424,229,,15724
9A.4,2023-24,Human resources,All ages,All people,All people,All areas,,,Salaried personnel (FTE),Firefighters,Part-time and other,,,,State and territory governments (unpublished),no.,869,622,191,1,24,2,7,0,,1717
9A.4,2023-24,Human resources,All ages,All people,All people,All areas,,,Salaried personnel (FTE),Firefighters,Other,,,,State and territory governments (unpublished),no.,19,289,34,144,0,0,0,10,,496
9A.4,2023-24,Human resources,All ages,All people,All people,All areas,,,Salaried personnel (FTE),Firefighters,Total,,,,Derived from State and territory governments (unpublished),no.,5702,6184,2934,1159,942,347,431,239,,17937
9A.4,2023-24,Human resources,All ages,All people,All people,All areas,,,Salaried personnel (FTE),Firefighters,Proportion of total FTE staff,,,,Derived from State and territory governments (unpublished),%,76.1,73.7,76,65.4,90.3,64.1,75.3,90.5,,74.9
9A.4,2023-24,Human resources,All ages,All people,All people,All areas,,,Salaried personnel (FTE),Firefighters,Rate per 100000 people,,,,Derived from State and territory governments (unpublished); ABS National state and territory population - December,rate,67.6,89.5,53.1,39.6,50.5,60.4,91.7,94.2,,66.5
9A.4,2023-24,Human resources,All ages,All people,All people,All areas,,,Salaried personnel (FTE),Support staff,,,,,State and territory governments (unpublished),no.,1786,2211,926,614,101,194,141,25,,5998
9A.4,2023-24,Human resources,All ages,All people,All people,All areas,,,Salaried personnel (FTE),Total fire service workforce,,,,,Derived from State and territory governments (unpublished),no.,7488,8395,3860,1773,1043,541,572,264,,23936
9A.4,2023-24,Human resources,All ages,All people,All people,Major cities,,,Salaried personnel (FTE),Firefighters by region,Number,,,,State and territory governments (unpublished),no.,na,8,1825,980,961,..,na,..,,na
9A.4,2023-24,Human resources,All ages,All people,All people,Inner regional,,,Salaried personnel (FTE),Firefighters by region,Number,,,,State and territory governments (unpublished),no.,na,1,592,58,23,na,na,..,,na
9A.4,2023-24,Human resources,All ages,All people,All people,Outer regional,,,Salaried personnel (FTE),Firefighters by region,Number,,,,State and territory governments (unpublished),no.,na,0,459,105,64,na,..,na,,na
9A.4,2023-24,Human resources,All ages,All people,All people,Remote,,,Salaried personnel (FTE),Firefighters by region,Number,,,,State and territory governments (unpublished),no.,na,0,40,14,0,na,..,na,,na
9A.4,2023-24,Human resources,All ages,All people,All people,Very remote,,,Salaried personnel (FTE),Firefighters by region,Number,,,,State and territory governments (unpublished),no.,na,..,18,2,0,na,..,na,,na
9A.4,2023-24,Human resources,All ages,All people,All people,Major cities,,,Salaried personnel (FTE),Firefighters by region,Rate per 100000 people,,,,Derived from State and territory governments (unpublished); ABS Regional population,rate,na,0,51,43,69,..,na,..,,na
9A.4,2023-24,Human resources,All ages,All people,All people,Inner regional,,,Salaried personnel (FTE),Firefighters by region,Rate per 100000 people,,,,Derived from State and territory governments (unpublished); ABS Regional population,rate,na,0,56,23,12,na,na,..,,na
9A.4,2023-24,Human resources,All ages,All people,All people,Outer regional,,,Salaried personnel (FTE),Firefighters by region,Rate per 100000 people,,,,Derived from State and territory governments (unpublished); ABS Regional population,rate,na,0,64,54,31,na,..,na,,na
9A.4,2023-24,Human resources,All ages,All people,All people,Remote,,,Salaried personnel (FTE),Firefighters by region,Rate per 100000 people,,,,Derived from State and territory governments (unpublished); ABS Regional population,rate,na,0,55,14,0,na,..,na,,na
9A.4,2023-24,Human resources,All ages,All people,All people,Very remote,,,Salaried personnel (FTE),Firefighters by region,Rate per 100000 people,,,,Derived from State and territory governments (unpublished); ABS Regional population,rate,na,..,33,2,0,na,..,na,,na
9A.4,2023-24,Human resources,<30 years old,All people,All people,All areas,,,Salaried personnel (headcount),Firefighters by age group,Number,,,,State and territory governments (unpublished),no.,669,210,508,50,76,21,42,18,,1594
9A.4,2023-24,Human resources,30-39 years old,All people,All people,All areas,,,Salaried personnel (headcount),Firefighters by age group,Number,,,,State and territory governments (unpublished),no.,1784,1394,1404,380,328,93,146,89,,5618
9A.4,2023-24,Human resources,40-49 years old,All people,All people,All areas,,,Salaried personnel (headcount),Firefighters by age group,Number,,,,State and territory governments (unpublished),no.,1873,1090,1262,339,355,113,131,60,,5223
9A.4,2023-24,Human resources,50-59 years old,All people,All people,All areas,,,Salaried personnel (headcount),Firefighters by age group,Number,,,,State and territory governments (unpublished),no.,1862,695,1215,325,330,102,96,54,,4679
9A.4,2023-24,Human resources,60+ years old,All people,All people,All areas,,,Salaried personnel (headcount),Firefighters by age group,Number,,,,State and territory governments (unpublished),no.,646,454,385,108,180,19,22,11,,1825
9A.4,2023-24,Human resources,All ages,All people,All people,All areas,,,Salaried personnel (headcount),Firefighters by age group,Number,,,,Derived from State and territory governments (unpublished),no.,6834,3843,4774,1202,1269,348,437,232,,18939
9A.4,2023-24,Human resources,All ages,Males,All people,All areas,,,Salaried personnel (headcount),Firefighters by gender,,,,,State and territory governments (unpublished),no.,6019,3635,4349,1121,1183,322,400,204,,17233
9A.4,2023-24,Human resources,All ages,Females,All people,All areas,,,Salaried personnel (headcount),Firefighters by gender,,,,,State and territory governments (unpublished),no.,813,208,425,80,85,25,37,21,,1694
9A.4,2023-24,Human resources,All ages,Other,All people,All areas,,,Salaried personnel (headcount),Firefighters by gender,,,,,State and territory governments (unpublished),no.,2,0,na,1,1,1,0,7,,12
9A.4,2023-24,Human resources,All ages,All people,All people,All areas,,,Salaried personnel (headcount),Firefighters by gender,,,,,State and territory governments (unpublished),no.,6834,3843,4774,1201,1269,348,437,232,,18938
9A.4,2023-24,Human resources,All ages,All people,All people,All areas,,,Salaried personnel (FTE),Firefighters attrition rate,,,,,Derived from State and territory governments (unpublished),%,1.8,1.4,5.2,6.4,5.6,3.7,5.9,2.1,,2.9
9A.4,2023-24,Human resources,All ages,All people,All people,All areas,,,Salaried personnel (headcount),Firefighters attrition rate,,,,,Derived from State and territory governments (unpublished),%,7.7,2.3,6.8,6.2,5,3.7,6.2,2.2,,5.9
9A.4,2023-24,Human resources,All ages,All people,All people,All areas,,,Volunteers (headcount),Firefighters,,,,,State and territory governments (unpublished),no.,67569,28906,10971,12846,11144,3777,1024,275,,136512
9A.4,2023-24,Human resources,All ages,All people,All people,All areas,,,Volunteers (headcount),Support staff,,,,,State and territory governments (unpublished),no.,8035,23043,16411,2197,1977,866,0,0,,52529
9A.4,2023-24,Human resources,All ages,All people,All people,All areas,,,Volunteers (headcount),Total volunteer staff,,,,,Derived from State and territory governments (unpublished),no.,75604,51949,27382,15043,13121,4643,1024,275,,189041
9A.4,2023-24,Human resources,All ages,All people,All people,All areas,,,Volunteers (headcount),Total volunteer staff,Rate per 100000 people,,,,Derived from State and territory governments (unpublished); ABS National state and territory population - December,rate,896.3,752.2,495.3,513.8,703,807.9,217.8,108.4,,701
9A.4,2023-24,Human resources,All ages,Males,All people,All areas,,,Volunteers (headcount),Firefighters by gender,,,,,State and territory governments (unpublished),no.,53174,39498,19980,11534,10352,3719,na,188,,138445
9A.4,2023-24,Human resources,All ages,Females,All people,All areas,,,Volunteers (headcount),Firefighters by gender,,,,,State and territory governments (unpublished),no.,14359,12415,7402,3494,2758,598,na,87,,41113
9A.4,2023-24,Human resources,All ages,Other,All people,All areas,,,Volunteers (headcount),Firefighters by gender,,,,,State and territory governments (unpublished),no.,18,36,na,15,11,na,na,0,,80
9A.4,2023-24,Human resources,All ages,All people,All people,All areas,,,Volunteers (headcount),Firefighters by gender,,,,,State and territory governments (unpublished),no.,67551,51949,27382,15043,13121,3777,na,275,,179098
9A.4,2023-24,Human resources,<30 years old,All people,All people,All areas,,,Volunteers (headcount),Firefighters by age group,,,,,State and territory governments (unpublished),no.,8584,8031,2670,1811,2687,656,na,66,,24505
9A.4,2023-24,Human resources,30-39 years old,All people,All people,All areas,,,Volunteers (headcount),Firefighters by age group,,,,,State and territory governments (unpublished),no.,9551,7517,3504,2388,2171,750,na,68,,25949
9A.4,2023-24,Human resources,40-49 years old,All people,All people,All areas,,,Volunteers (headcount),Firefighters by age group,,,,,State and territory governments (unpublished),no.,9885,7243,4197,2451,2194,708,na,47,,26725
9A.4,2023-24,Human resources,50-59 years old,All people,All people,All areas,,,Volunteers (headcount),Firefighters by age group,,,,,State and territory governments (unpublished),no.,14801,8991,5784,3076,2432,723,na,48,,35855
9A.4,2023-24,Human resources,60+ years old,All people,All people,All areas,,,Volunteers (headcount),Firefighters by age group,,,,,State and territory governments (unpublished),no.,24581,20167,11227,4732,3637,940,na,46,,65330
9A.4,2023-24,Human resources,All ages,All people,All people,All areas,,,Volunteers (headcount),Firefighters by age group,,,,,State and territory governments (unpublished),no.,na,51949,27382,14458,13121,na,na,na,,106910
9A.4,2022-23,Human resources,All ages,All people,All people,All areas,,,Salaried personnel (FTE),Firefighters,Permanent,,,,State and territory governments (unpublished),no.,4778,5247,2570,997,944,326,379,227,,15467
9A.4,2022-23,Human resources,All ages,All people,All people,All areas,,,Salaried personnel (FTE),Firefighters,Part-time and other,,,,State and territory governments (unpublished),no.,842,642,187,0,24,1,8,0,,1704
9A.4,2022-23,Human resources,All ages,All people,All people,All areas,,,Salaried personnel (FTE),Firefighters,Other,,,,State and territory governments (unpublished),no.,19,288,44,153,0,0,0,26,,530
9A.4,2022-23,Human resources,All ages,All people,All people,All areas,,,Salaried personnel (FTE),Firefighters,Total,,,,Derived from State and territory governments (unpublished),no.,5639,6177,2801,1150,968,327,387,253,,17702
9A.4,2022-23,Human resources,All ages,All people,All people,All areas,,,Salaried personnel (FTE),Firefighters,Proportion of total FTE staff,,,,Derived from State and territory governments (unpublished),%,76.4,73.7,76,66,92.5,64.4,76.5,91.7,,75.2
9A.4,2022-23,Human resources,All ages,All people,All people,All areas,,,Salaried personnel (FTE),Firefighters,Rate per 100000 people,,,,Derived from State and territory governments (unpublished); ABS National state and territory population - December,rate,68.4,92.1,52.1,40.7,52.8,57.2,84,101.2,,67.4
9A.4,2022-23,Human resources,All ages,All people,All people,All areas,,,Salaried personnel (FTE),Support staff,,,,,State and territory governments (unpublished),no.,1744,2203,883,593,78,181,119,23,,5824
9A.4,2022-23,Human resources,All ages,All people,All people,All areas,,,Salaried personnel (FTE),Total fire service workforce,,,,,Derived from State and territory governments (unpublished),no.,7383,8380,3684,1743,1046,508,506,276,,23525
9A.4,2022-23,Human resources,All ages,All people,All people,Major cities,,,Salaried personnel (FTE),Firefighters by region,Number,,,,State and territory governments (unpublished),no.,na,8,1730,982,949,..,na,..,,na
9A.4,2022-23,Human resources,All ages,All people,All people,Inner regional,,,Salaried personnel (FTE),Firefighters by region,Number,,,,State and territory governments (unpublished),no.,na,1,567,56,24,na,na,..,,na
9A.4,2022-23,Human resources,All ages,All people,All people,Outer regional,,,Salaried personnel (FTE),Firefighters by region,Number,,,,State and territory governments (unpublished),no.,na,0,440,95,67,na,..,na,,na
9A.4,2022-23,Human resources,All ages,All people,All people,Remote,,,Salaried personnel (FTE),Firefighters by region,Number,,,,State and territory governments (unpublished),no.,na,0,43,15,0,na,..,na,,na
9A.4,2022-23,Human resources,All ages,All people,All people,Very remote,,,Salaried personnel (FTE),Firefighters by region,Number,,,,State and territory governments (unpublished),no.,na,..,20,3,0,na,..,na,,na
9A.4,2022-23,Human resources,All ages,All people,All people,Major cities,,,Salaried personnel (FTE),Firefighters by region,Rate per 100000 people,,,,Derived from State and territory governments (unpublished); ABS Regional population,rate,na,0,50,45,69,..,na,..,,na
9A.4,2022-23,Human resources,All ages,All people,All people,Inner regional,,,Salaried personnel (FTE),Firefighters by region,Rate per 100000 people,,,,Derived from State and territory governments (unpublished); ABS Regional population,rate,na,0,55,23,13,na,na,..,,na
9A.4,2022-23,Human resources,All ages,All people,All people,Outer regional,,,Salaried personnel (FTE),Firefighters by region,Rate per 100000 people,,,,Derived from State and territory governments (unpublished); ABS Regional population,rate,na,0,62,49,32,na,..,na,,na
9A.4,2022-23,Human resources,All ages,All people,All people,Remote,,,Salaried personnel (FTE),Firefighters by region,Rate per 100000 people,,,,Derived from State and territory governments (unpublished); ABS Regional population,rate,na,0,59,16,0,na,..,na,,na
9A.4,2022-23,Human resources,All ages,All people,All people,Very remote,,,Salaried personnel (FTE),Firefighters by region,Rate per 100000 people,,,,Derived from State and territory governments (unpublished); ABS Regional population,rate,na,..,37,5,0,na,..,na,,na
9A.4,2022-23,Human resources,<30 years old,All people,All people,All areas,,,Salaried personnel (headcount),Firefighters by age group,Number,,,,State and territory governments (unpublished),no.,676,178,461,47,78,17,35,16,,1508
9A.4,2022-23,Human resources,30-39 years old,All people,All people,All areas,,,Salaried personnel (headcount),Firefighters by age group,Number,,,,State and territory governments (unpublished),no.,1781,1301,1256,372,322,83,133,90,,5338
9A.4,2022-23,Human resources,40-49 years old,All people,All people,All areas,,,Salaried personnel (headcount),Firefighters by age group,Number,,,,State and territory governments (unpublished),no.,1859,1038,1194,335,352,100,115,66,,5059
9A.4,2022-23,Human resources,50-59 years old,All people,All people,All areas,,,Salaried personnel (headcount),Firefighters by age group,Number,,,,State and territory governments (unpublished),no.,1896,733,1206,335,338,110,86,52,,4756
9A.4,2022-23,Human resources,60+ years old,All people,All people,All areas,,,Salaried personnel (headcount),Firefighters by age group,Number,,,,State and territory governments (unpublished),no.,617,453,366,103,170,17,26,11,,1762
9A.4,2022-23,Human resources,All ages,All people,All people,All areas,,,Salaried personnel (headcount),Firefighters by age group,Number,,,,Derived from State and territory governments (unpublished),no.,6829,3703,4483,1190,1260,327,395,235,,18422
9A.4,2022-23,Human resources,All ages,All people,All people,All areas,,,Salaried personnel (FTE),Firefighters attrition rate,,,,,Derived from State and territory governments (unpublished),%,1.5,1.8,4.3,4.8,4.3,4.9,6.3,5.9,,2.7
9A.4,2022-23,Human resources,All ages,All people,All people,All areas,,,Salaried personnel (headcount),Firefighters attrition rate,,,,,Derived from State and territory governments (unpublished),%,6.8,3.1,7.6,4.7,4.1,4.9,6.3,6.4,,5.9
9A.4,2022-23,Human resources,All ages,All people,All people,All areas,,,Volunteers (headcount),Firefighters,,,,,State and territory governments (unpublished),no.,67513,28785,10671,13030,11542,3811,1116,253,,136721
9A.4,2022-23,Human resources,All ages,All people,All people,All areas,,,Volunteers (headcount),Support staff,,,,,State and territory governments (unpublished),no.,7978,23022,15854,2228,1905,878,0,0,,51865
9A.4,2022-23,Human resources,All ages,All people,All people,All areas,,,Volunteers (headcount),Total volunteer staff,,,,,Derived from State and territory governments (unpublished),no.,75491,51807,26525,15258,13447,4689,1116,253,,188586
9A.4,2022-23,Human resources,All ages,All people,All people,All areas,,,Volunteers (headcount),Total volunteer staff,Rate per 100000 people,,,,Derived from State and territory governments (unpublished); ABS National state and territory population - December,rate,916.3,772.7,493.2,540.1,733.1,820.3,242.2,101.1,,717.9
9A.4,2021-22,Human resources,All ages,All people,All people,All areas,,,Salaried personnel (FTE),Firefighters,Permanent,,,,State and territory governments (unpublished),no.,4736,5032,2493,992,938,341,380,214,,15126
9A.4,2021-22,Human resources,All ages,All people,All people,All areas,,,Salaried personnel (FTE),Firefighters,Part-time and other,,,,State and territory governments (unpublished),no.,807,636,192,0,36,1,7,2,,1680
9A.4,2021-22,Human resources,All ages,All people,All people,All areas,,,Salaried personnel (FTE),Firefighters,Other,,,,State and territory governments (unpublished),no.,16,644,26,161,0,0,0,22,,869
9A.4,2021-22,Human resources,All ages,All people,All people,All areas,,,Salaried personnel (FTE),Firefighters,Total,,,,Derived from State and territory governments (unpublished),no.,5559,6312,2711,1154,974,342,387,238,,17675
9A.4,2021-22,Human resources,All ages,All people,All people,All areas,,,Salaried personnel (FTE),Firefighters,Proportion of total FTE staff,,,,Derived from State and territory governments (unpublished),%,77.5,75.3,76.1,66.7,93.1,66.6,76.9,92.1,,76.3
9A.4,2021-22,Human resources,All ages,All people,All people,All areas,,,Salaried personnel (FTE),Firefighters,Rate per 100000 people,,,,Derived from State and territory governments (unpublished); ABS National state and territory population - December,rate,68.7,96.2,51.5,41.8,53.9,60,85.3,95.3,,68.6
9A.4,2021-22,Human resources,All ages,All people,All people,All areas,,,Salaried personnel (FTE),Support staff,,,,,State and territory governments (unpublished),no.,1615,2076,853,575,72,172,116,21,,5499
9A.4,2021-22,Human resources,All ages,All people,All people,All areas,,,Salaried personnel (FTE),Total fire service workforce,,,,,Derived from State and territory governments (unpublished),no.,7174,8388,3563,1729,1046,513,503,258,,23174
9A.4,2021-22,Human resources,All ages,All people,All people,Major cities,,,Salaried personnel (FTE),Firefighters by region,Number,,,,State and territory governments (unpublished),no.,na,9,1693,988,935,..,na,..,,na
9A.4,2021-22,Human resources,All ages,All people,All people,Inner regional,,,Salaried personnel (FTE),Firefighters by region,Number,,,,State and territory governments (unpublished),no.,na,1,531,58,23,na,na,..,,na
9A.4,2021-22,Human resources,All ages,All people,All people,Outer regional,,,Salaried personnel (FTE),Firefighters by region,Number,,,,State and territory governments (unpublished),no.,na,0,429,91,71,na,..,na,,na
9A.4,2021-22,Human resources,All ages,All people,All people,Remote,,,Salaried personnel (FTE),Firefighters by region,Number,,,,State and territory governments (unpublished),no.,na,0,41,14,0,na,..,na,,na
9A.4,2021-22,Human resources,All ages,All people,All people,Very remote,,,Salaried personnel (FTE),Firefighters by region,Number,,,,State and territory governments (unpublished),no.,na,..,20,4,0,na,..,na,,na
9A.4,2021-22,Human resources,All ages,All people,All people,Major cities,,,Salaried personnel (FTE),Firefighters by region,Rate per 100000 people,,,,Derived from State and territory governments (unpublished); ABS Regional population,rate,na,0,50,46,69,..,na,..,,na
9A.4,2021-22,Human resources,All ages,All people,All people,Inner regional,,,Salaried personnel (FTE),Firefighters by region,Rate per 100000 people,,,,Derived from State and territory governments (unpublished); ABS Regional population,rate,na,0,53,24,13,na,na,..,,na
9A.4,2021-22,Human resources,All ages,All people,All people,Outer regional,,,Salaried personnel (FTE),Firefighters by region,Rate per 100000 people,,,,Derived from State and territory governments (unpublished); ABS Regional population,rate,na,0,62,48,34,na,..,na,,na
9A.4,2021-22,Human resources,All ages,All people,All people,Remote,,,Salaried personnel (FTE),Firefighters by region,Rate per 100000 people,,,,Derived from State and territory governments (unpublished); ABS Regional population,rate,na,0,56,15,0,na,..,na,,na
9A.4,2021-22,Human resources,All ages,All people,All people,Very remote,,,Salaried personnel (FTE),Firefighters by region,Rate per 100000 people,,,,Derived from State and territory governments (unpublished); ABS Regional population,rate,na,..,37,5,0,na,..,na,,na
9A.4,2021-22,Human resources,<30 years old,All people,All people,All areas,,,Salaried personnel (headcount),Firefighters by age group,Number,,,,State and territory governments (unpublished),no.,714,187,494,54,83,21,26,14,,1593
9A.4,2021-22,Human resources,30-39 years old,All people,All people,All areas,,,Salaried personnel (headcount),Firefighters by age group,Number,,,,State and territory governments (unpublished),no.,1798,1215,1208,355,316,92,126,83,,5193
9A.4,2021-22,Human resources,40-49 years old,All people,All people,All areas,,,Salaried personnel (headcount),Firefighters by age group,Number,,,,State and territory governments (unpublished),no.,1893,1054,1178,342,352,100,125,66,,5110
9A.4,2021-22,Human resources,50-59 years old,All people,All people,All areas,,,Salaried personnel (headcount),Firefighters by age group,Number,,,,State and territory governments (unpublished),no.,1891,816,1214,341,340,110,81,45,,4838
9A.4,2021-22,Human resources,60+ years old,All people,All people,All areas,,,Salaried personnel (headcount),Firefighters by age group,Number,,,,State and territory governments (unpublished),no.,577,482,347,96,161,19,42,12,,1736
9A.4,2021-22,Human resources,All ages,All people,All people,All areas,,,Salaried personnel (headcount),Firefighters by age group,Number,,,,Derived from State and territory governments (unpublished),no.,6873,3754,4441,1186,1252,342,400,220,,18468
9A.4,2021-22,Human resources,All ages,All people,All people,All areas,,,Salaried personnel (FTE),Firefighters attrition rate,,,,,Derived from State and territory governments (unpublished),%,1.6,1.6,3.8,5.6,4.6,5,3.4,5.3,,2.5
9A.4,2021-22,Human resources,All ages,All people,All people,All areas,,,Salaried personnel (headcount),Firefighters attrition rate,,,,,Derived from State and territory governments (unpublished),%,7.1,7.8,5.9,5.5,5.3,5,3.3,5.9,,6.6
9A.4,2021-22,Human resources,All ages,All people,All people,All areas,,,Volunteers (headcount),Firefighters,,,,,State and territory governments (unpublished),no.,69845,29084,11868,12083,11491,3909,1240,252,,139772
9A.4,2021-22,Human resources,All ages,All people,All people,All areas,,,Volunteers (headcount),Support staff,,,,,State and territory governments (unpublished),no.,7693,23721,16567,2166,2006,849,0,0,,53002
9A.4,2021-22,Human resources,All ages,All people,All people,All areas,,,Volunteers (headcount),Total volunteer staff,,,,,Derived from State and territory governments (unpublished),no.,77538,52805,28435,14249,13497,4758,1240,252,,192774
9A.4,2021-22,Human resources,All ages,All people,All people,All areas,,,Volunteers (headcount),Total volunteer staff,Rate per 100000 people,,,,Derived from State and territory governments (unpublished); ABS National state and territory population - December,rate,957.8,805,540.1,515.9,747.1,835,273.5,101.1,,748.2
9A.4,2020-21,Human resources,All ages,All people,All people,All areas,,,Salaried personnel (FTE),Firefighters,Permanent,,,,State and territory governments (unpublished),no.,4742,5003,2436,990,945,343,355,216,,15030
9A.4,2020-21,Human resources,All ages,All people,All people,All areas,,,Salaried personnel (FTE),Firefighters,Part-time and other,,,,State and territory governments (unpublished),no.,752,775,195,0,35,0,8,3,,1768
9A.4,2020-21,Human resources,All ages,All people,All people,All areas,,,Salaried personnel (FTE),Firefighters,Other,,,,State and territory governments (unpublished),no.,12,453,28,151,0,0,0,14,,658
9A.4,2020-21,Human resources,All ages,All people,All people,All areas,,,Salaried personnel (FTE),Firefighters,Total,,,,Derived from State and territory governments (unpublished),no.,5506,6231,2659,1141,980,343,363,233,,17456
9A.4,2020-21,Human resources,All ages,All people,All people,All areas,,,Salaried personnel (FTE),Firefighters,Proportion of total FTE staff,,,,Derived from State and territory governments (unpublished),%,77.7,85.6,80.2,67.2,80.2,69.5,75.6,91,,79.9
9A.4,2020-21,Human resources,All ages,All people,All people,All areas,,,Salaried personnel (FTE),Firefighters,Rate per 100000 people,,,,Derived from State and territory governments (unpublished); ABS National state and territory population - December,rate,68,94.9,51.3,41.8,54.6,61,81,94,,68.1
9A.4,2020-21,Human resources,All ages,All people,All people,All areas,,,Salaried personnel (FTE),Support staff,,,,,State and territory governments (unpublished),no.,1584,1047,657,558,242,151,117,23,,4379
9A.4,2020-21,Human resources,All ages,All people,All people,All areas,,,Salaried personnel (FTE),Total fire service workforce,,,,,Derived from State and territory governments (unpublished),no.,7090,7278,3316,1699,1222,494,480,256,,21834
9A.4,2020-21,Human resources,All ages,All people,All people,Major cities,,,Salaried personnel (FTE),Firefighters by region,Number,,,,State and territory governments (unpublished),no.,na,na,1591,974,956,..,na,..,,na
9A.4,2020-21,Human resources,All ages,All people,All people,Inner regional,,,Salaried personnel (FTE),Firefighters by region,Number,,,,State and territory governments (unpublished),no.,na,na,528,59,24,na,na,..,,na
9A.4,2020-21,Human resources,All ages,All people,All people,Outer regional,,,Salaried personnel (FTE),Firefighters by region,Number,,,,State and territory governments (unpublished),no.,na,na,398,92,69,na,..,na,,na
9A.4,2020-21,Human resources,All ages,All people,All people,Remote,,,Salaried personnel (FTE),Firefighters by region,Number,,,,State and territory governments (unpublished),no.,na,na,42,13,0,na,..,na,,na
9A.4,2020-21,Human resources,All ages,All people,All people,Very remote,,,Salaried personnel (FTE),Firefighters by region,Number,,,,State and territory governments (unpublished),no.,na,..,19,3,0,na,..,na,,na
9A.4,2020-21,Human resources,All ages,All people,All people,Major cities,,,Salaried personnel (FTE),Firefighters by region,Rate per 100000 people,,,,Derived from State and territory governments (unpublished); ABS Regional population,rate,na,na,48,46,71,..,na,..,,na
9A.4,2020-21,Human resources,All ages,All people,All people,Inner regional,,,Salaried personnel (FTE),Firefighters by region,Rate per 100000 people,,,,Derived from State and territory governments (unpublished); ABS Regional population,rate,na,na,53,25,14,na,na,..,,na
9A.4,2020-21,Human resources,All ages,All people,All people,Outer regional,,,Salaried personnel (FTE),Firefighters by region,Rate per 100000 people,,,,Derived from State and territory governments (unpublished); ABS Regional population,rate,na,na,57,49,33,na,..,na,,na
9A.4,2020-21,Human resources,All ages,All people,All people,Remote,,,Salaried personnel (FTE),Firefighters by region,Rate per 100000 people,,,,Derived from State and territory governments (unpublished); ABS Regional population,rate,na,na,58,14,0,na,..,na,,na
9A.4,2020-21,Human resources,All ages,All people,All people,Very remote,,,Salaried personnel (FTE),Firefighters by region,Rate per 100000 people,,,,Derived from State and territory governments (unpublished); ABS Regional population,rate,na,..,36,5,0,na,..,na,,na
9A.4,2020-21,Human resources,<30 years old,All people,All people,All areas,,,Salaried personnel (headcount),Firefighters by age group,Number,,,,State and territory governments (unpublished),no.,752,233,507,76,94,27,23,17,,1729
9A.4,2020-21,Human resources,30-39 years old,All people,All people,All areas,,,Salaried personnel (headcount),Firefighters by age group,Number,,,,State and territory governments (unpublished),no.,1774,1192,1176,326,293,85,112,85,,5043
9A.4,2020-21,Human resources,40-49 years old,All people,All people,All areas,,,Salaried personnel (headcount),Firefighters by age group,Number,,,,State and territory governments (unpublished),no.,1978,980,1193,356,347,104,122,65,,5145
9A.4,2020-21,Human resources,50-59 years old,All people,All people,All areas,,,Salaried personnel (headcount),Firefighters by age group,Number,,,,State and territory governments (unpublished),no.,1854,794,1202,331,307,115,74,38,,4715
9A.4,2020-21,Human resources,60+ years old,All people,All people,All areas,,,Salaried personnel (headcount),Firefighters by age group,Number,,,,State and territory governments (unpublished),no.,522,431,312,88,160,12,41,8,,1574
9A.4,2020-21,Human resources,All ages,All people,All people,All areas,,,Salaried personnel (headcount),Firefighters by age group,Number,,,,Derived from State and territory governments (unpublished),no.,6880,3630,4390,1176,1201,343,372,213,,18205
9A.4,2020-21,Human resources,All ages,All people,All people,All areas,,,Salaried personnel (FTE),Firefighters attrition rate,,,,,Derived from State and territory governments (unpublished),%,1.2,na,4.2,3.7,na,2.9,5.2,na,,1.4
9A.4,2020-21,Human resources,All ages,All people,All people,All areas,,,Salaried personnel (headcount),Firefighters attrition rate,,,,,Derived from State and territory governments (unpublished),%,5.3,9.9,6.5,3.6,3.1,2.9,5.1,3.3,,6.2
9A.4,2020-21,Human resources,All ages,All people,All people,All areas,,,Volunteers (headcount),Firefighters,,,,,State and territory governments (unpublished),no.,73430,29633,12796,12103,10682,4011,1277,290,,144222
9A.4,2020-21,Human resources,All ages,All people,All people,All areas,,,Volunteers (headcount),Support staff,,,,,State and territory governments (unpublished),no.,8336,24508,17471,2483,2895,915,0,0,,56608
9A.4,2020-21,Human resources,All ages,All people,All people,All areas,,,Volunteers (headcount),Total volunteer staff,,,,,Derived from State and territory governments (unpublished),no.,81766,54141,30267,14586,13577,4926,1277,290,,200830
9A.4,2020-21,Human resources,All ages,All people,All people,All areas,,,Volunteers (headcount),Total volunteer staff,Rate per 100000 people,,,,Derived from State and territory governments (unpublished); ABS National state and territory population - December,rate,1010.2,824.4,583.8,534.6,756.6,876.7,285.3,117,,783.6
9A.4,2019-20,Human resources,All ages,All people,All people,All areas,,,Salaried personnel (FTE),Firefighters,Permanent,,,,State and territory governments (unpublished),no.,4575,5395,2359,999,950,322,346,213,,15159
9A.4,2019-20,Human resources,All ages,All people,All people,All areas,,,Salaried personnel (FTE),Firefighters,Part-time and other,,,,State and territory governments (unpublished),no.,840,652,198,1,24,1,4,2,,1722
9A.4,2019-20,Human resources,All ages,All people,All people,All areas,,,Salaried personnel (FTE),Firefighters,Other,,,,State and territory governments (unpublished),no.,14,408,33,150,0,0,0,18,,623
9A.4,2019-20,Human resources,All ages,All people,All people,All areas,,,Salaried personnel (FTE),Firefighters,Total,,,,Derived from State and territory governments (unpublished),no.,5429,6455,2590,1150,974,323,350,233,,17504
9A.4,2019-20,Human resources,All ages,All people,All people,All areas,,,Salaried personnel (FTE),Firefighters,Proportion of total FTE staff,,,,Derived from State and territory governments (unpublished),%,78.8,78.2,79.3,68.6,80.8,70.3,74.8,90.6,,77.9
9A.4,2019-20,Human resources,All ages,All people,All people,All areas,,,Salaried personnel (FTE),Firefighters,Rate per 100000 people,,,,Derived from State and territory governments (unpublished); ABS National state and territory population - December,rate,67.1,98,50.5,42.8,54.8,58.4,79.5,94.5,,68.6
9A.4,2019-20,Human resources,All ages,All people,All people,All areas,,,Salaried personnel (FTE),Support staff,,,,,State and territory governments (unpublished),no.,1459,1802,676,526,231,137,118,24,,4972
9A.4,2019-20,Human resources,All ages,All people,All people,All areas,,,Salaried personnel (FTE),Total fire service workforce,,,,,Derived from State and territory governments (unpublished),no.,6888,8257,3266,1676,1205,460,468,257,,22477
9A.4,2019-20,Human resources,All ages,All people,All people,Major cities,,,Salaried personnel (FTE),Firefighters by region,Number,,,,State and territory governments (unpublished),no.,na,na,1496,985,955,..,na,..,,na
9A.4,2019-20,Human resources,All ages,All people,All people,Inner regional,,,Salaried personnel (FTE),Firefighters by region,Number,,,,State and territory governments (unpublished),no.,na,na,485,56,25,na,na,..,,na
9A.4,2019-20,Human resources,All ages,All people,All people,Outer regional,,,Salaried personnel (FTE),Firefighters by region,Number,,,,State and territory governments (unpublished),no.,na,na,388,94,67,na,..,na,,na
9A.4,2019-20,Human resources,All ages,All people,All people,Remote,,,Salaried personnel (FTE),Firefighters by region,Number,,,,State and territory governments (unpublished),no.,na,na,39,13,0,na,..,na,,na
9A.4,2019-20,Human resources,All ages,All people,All people,Very remote,,,Salaried personnel (FTE),Firefighters by region,Number,,,,State and territory governments (unpublished),no.,na,..,18,3,0,na,..,na,,na
9A.4,2019-20,Human resources,All ages,All people,All people,Major cities,,,Salaried personnel (FTE),Firefighters by region,Rate per 100000 people,,,,Derived from State and territory governments (unpublished); ABS Regional population,rate,na,na,45,47,72,..,na,..,,na
9A.4,2019-20,Human resources,All ages,All people,All people,Inner regional,,,Salaried personnel (FTE),Firefighters by region,Rate per 100000 people,,,,Derived from State and territory governments (unpublished); ABS Regional population,rate,na,na,49,24,14,na,na,..,,na
9A.4,2019-20,Human resources,All ages,All people,All people,Outer regional,,,Salaried personnel (FTE),Firefighters by region,Rate per 100000 people,,,,Derived from State and territory governments (unpublished); ABS Regional population,rate,na,na,56,50,32,na,..,na,,na
9A.4,2019-20,Human resources,All ages,All people,All people,Remote,,,Salaried personnel (FTE),Firefighters by region,Rate per 100000 people,,,,Derived from State and territory governments (unpublished); ABS Regional population,rate,na,na,54,14,0,na,..,na,,na
9A.4,2019-20,Human resources,All ages,All people,All people,Very remote,,,Salaried personnel (FTE),Firefighters by region,Rate per 100000 people,,,,Derived from State and territory governments (unpublished); ABS Regional population,rate,na,..,34,4,0,na,..,na,,na
9A.4,2019-20,Human resources,<30 years old,All people,All people,All areas,,,Salaried personnel (headcount),Firefighters by age group,Number,,,,State and territory governments (unpublished),no.,764,286,522,85,109,16,14,23,,1819
9A.4,2019-20,Human resources,30-39 years old,All people,All people,All areas,,,Salaried personnel (headcount),Firefighters by age group,Number,,,,State and territory governments (unpublished),no.,1746,1178,1139,327,281,70,101,78,,4919
9A.4,2019-20,Human resources,40-49 years old,All people,All people,All areas,,,Salaried personnel (headcount),Firefighters by age group,Number,,,,State and territory governments (unpublished),no.,2039,887,1210,363,352,112,118,59,,5139
9A.4,2019-20,Human resources,50-59 years old,All people,All people,All areas,,,Salaried personnel (headcount),Firefighters by age group,Number,,,,State and territory governments (unpublished),no.,1797,823,1180,330,319,113,83,43,,4688
9A.4,2019-20,Human resources,60+ years old,All people,All people,All areas,,,Salaried personnel (headcount),Firefighters by age group,Number,,,,State and territory governments (unpublished),no.,481,341,292,79,133,13,36,12,,1387
9A.4,2019-20,Human resources,All ages,All people,All people,All areas,,,Salaried personnel (headcount),Firefighters by age group,Number,,,,Derived from State and territory governments (unpublished),no.,6827,3515,4343,1183,1194,324,352,215,,17952
9A.4,2019-20,Human resources,All ages,All people,All people,All areas,,,Salaried personnel (FTE),Firefighters attrition rate,,,,,Derived from State and territory governments (unpublished),%,1.3,na,4.1,3.8,na,2.2,4.3,na,,1.4
9A.4,2019-20,Human resources,All ages,All people,All people,All areas,,,Salaried personnel (headcount),Firefighters attrition rate,,,,,Derived from State and territory governments (unpublished),%,6,2.3,6.9,3.7,2.3,2.2,3.4,2.8,,5
9A.4,2019-20,Human resources,All ages,All people,All people,All areas,,,Volunteers (headcount),Firefighters,,,,,State and territory governments (unpublished),no.,73272,32679,12650,12076,10505,4164,1234,268,,146848
9A.4,2019-20,Human resources,All ages,All people,All people,All areas,,,Volunteers (headcount),Support staff,,,,,State and territory governments (unpublished),no.,8315,22030,18454,2481,2947,936,0,0,,55163
9A.4,2019-20,Human resources,All ages,All people,All people,All areas,,,Volunteers (headcount),Total volunteer staff,,,,,Derived from State and territory governments (unpublished),no.,81587,54709,31104,14557,13452,5100,1234,268,,202011
9A.4,2019-20,Human resources,All ages,All people,All people,All areas,,,Volunteers (headcount),Total volunteer staff,Rate per 100000 people,,,,Derived from State and territory governments (unpublished); ABS National state and territory population - December,rate,1008.7,830.2,606.3,541.4,756.2,921.7,280.3,108.8,,791.6
9A.4,2018-19,Human resources,All ages,All people,All people,All areas,,,Salaried personnel (FTE),Firefighters,Permanent,,,,State and territory governments (unpublished),no.,4581,4264,2297,996,966,317,319,208,,13948
9A.4,2018-19,Human resources,All ages,All people,All people,All areas,,,Salaried personnel (FTE),Firefighters,Part-time and other,,,,State and territory governments (unpublished),no.,750,654,203,0,24,1,7,1,,1640
9A.4,2018-19,Human resources,All ages,All people,All people,All areas,,,Salaried personnel (FTE),Firefighters,Other,,,,State and territory governments (unpublished),no.,14,0,31,147,na,0,0,19,,211
9A.4,2018-19,Human resources,All ages,All people,All people,All areas,,,Salaried personnel (FTE),Firefighters,Total,,,,Derived from State and territory governments (unpublished),no.,5345,4918,2531,1143,990,318,326,228,,15799
9A.4,2018-19,Human resources,All ages,All people,All people,All areas,,,Salaried personnel (FTE),Firefighters,Proportion of total FTE staff,,,,Derived from State and territory governments (unpublished),%,79,73.5,78.1,70.9,81.8,72.8,74.3,91.6,,76.5
9A.4,2018-19,Human resources,All ages,All people,All people,All areas,,,Salaried personnel (FTE),Firefighters,Rate per 100000 people,,,,Derived from State and territory governments (unpublished); ABS National state and territory population - December,rate,66.8,75.9,50.2,43.4,56.4,58.5,75.7,92.7,,62.8
9A.4,2018-19,Human resources,All ages,All people,All people,All areas,,,Salaried personnel (FTE),Support staff,,,,,State and territory governments (unpublished),no.,1419,1773,709,470,221,119,113,21,,4845
9A.4,2018-19,Human resources,All ages,All people,All people,All areas,,,Salaried personnel (FTE),Total fire service workforce,,,,,Derived from State and territory governments (unpublished),no.,6764,6691,3240,1614,1211,437,439,249,,20645
9A.4,2018-19,Human resources,All ages,All people,All people,Major cities,,,Salaried personnel (FTE),Firefighters by region,Number,,,,State and territory governments (unpublished),no.,na,na,1450,983,946,..,na,..,,na
9A.4,2018-19,Human resources,All ages,All people,All people,Inner regional,,,Salaried personnel (FTE),Firefighters by region,Number,,,,State and territory governments (unpublished),no.,na,na,609,53,23,na,na,..,,na
9A.4,2018-19,Human resources,All ages,All people,All people,Outer regional,,,Salaried personnel (FTE),Firefighters by region,Number,,,,State and territory governments (unpublished),no.,na,na,367,93,76,na,..,na,,na
9A.4,2018-19,Human resources,All ages,All people,All people,Remote,,,Salaried personnel (FTE),Firefighters by region,Number,,,,State and territory governments (unpublished),no.,na,na,38,12,0,na,..,na,,na
9A.4,2018-19,Human resources,All ages,All people,All people,Very remote,,,Salaried personnel (FTE),Firefighters by region,Number,,,,State and territory governments (unpublished),no.,na,..,19,2,0,na,..,na,,na
9A.4,2018-19,Human resources,All ages,All people,All people,Major cities,,,Salaried personnel (FTE),Firefighters by region,Rate per 100000 people,,,,Derived from State and territory governments (unpublished); ABS Regional population,rate,na,na,45,48,72,..,na,..,,na
9A.4,2018-19,Human resources,All ages,All people,All people,Inner regional,,,Salaried personnel (FTE),Firefighters by region,Rate per 100000 people,,,,Derived from State and territory governments (unpublished); ABS Regional population,rate,na,na,63,23,13,na,na,..,,na
9A.4,2018-19,Human resources,All ages,All people,All people,Outer regional,,,Salaried personnel (FTE),Firefighters by region,Rate per 100000 people,,,,Derived from State and territory governments (unpublished); ABS Regional population,rate,na,na,54,50,37,na,..,na,,na
9A.4,2018-19,Human resources,All ages,All people,All people,Remote,,,Salaried personnel (FTE),Firefighters by region,Rate per 100000 people,,,,Derived from State and territory governments (unpublished); ABS Regional population,rate,na,na,53,14,0,na,..,na,,na
9A.4,2018-19,Human resources,All ages,All people,All people,Very remote,,,Salaried personnel (FTE),Firefighters by region,Rate per 100000 people,,,,Derived from State and territory governments (unpublished); ABS Regional population,rate,na,..,35,3,0,na,..,na,,na
9A.4,2018-19,Human resources,<30 years old,All people,All people,All areas,,,Salaried personnel (headcount),Firefighters by age group,Number,,,,State and territory governments (unpublished),no.,801,266,533,78,123,10,5,41,,1857
9A.4,2018-19,Human resources,30-39 years old,All people,All people,All areas,,,Salaried personnel (headcount),Firefighters by age group,Number,,,,State and territory governments (unpublished),no.,1722,1053,1093,335,289,75,89,83,,4739
9A.4,2018-19,Human resources,40-49 years old,All people,All people,All areas,,,Salaried personnel (headcount),Firefighters by age group,Number,,,,State and territory governments (unpublished),no.,2105,826,1264,360,344,112,117,75,,5202
9A.4,2018-19,Human resources,50-59 years old,All people,All people,All areas,,,Salaried personnel (headcount),Firefighters by age group,Number,,,,State and territory governments (unpublished),no.,1734,922,1165,330,325,107,85,45,,4713
9A.4,2018-19,Human resources,60+ years old,All people,All people,All areas,,,Salaried personnel (headcount),Firefighters by age group,Number,,,,State and territory governments (unpublished),no.,462,272,283,67,127,14,30,14,,1269
9A.4,2018-19,Human resources,All ages,All people,All people,All areas,,,Salaried personnel (headcount),Firefighters by age group,Number,,,,Derived from State and territory governments (unpublished),no.,6823,3339,4338,1169,1208,318,326,258,,17779
9A.4,2018-19,Human resources,All ages,All people,All people,All areas,,,Salaried personnel (FTE),Firefighters attrition rate,,,,,Derived from State and territory governments (unpublished),%,1.3,na,4,3.9,na,1.3,3.7,na,,1.5
9A.4,2018-19,Human resources,All ages,All people,All people,All areas,,,Salaried personnel (headcount),Firefighters attrition rate,,,,,Derived from State and territory governments (unpublished),%,6.6,3.4,7.4,3.8,1.7,1.3,4.3,2.7,,5.5
9A.4,2018-19,Human resources,All ages,All people,All people,All areas,,,Volunteers (headcount),Firefighters,,,,,State and territory governments (unpublished),no.,68533,34483,13419,19991,10181,4248,1198,234,,152287
9A.4,2018-19,Human resources,All ages,All people,All people,All areas,,,Volunteers (headcount),Support staff,,,,,State and territory governments (unpublished),no.,7947,20362,20206,2354,2968,765,0,0,,54602
9A.4,2018-19,Human resources,All ages,All people,All people,All areas,,,Volunteers (headcount),Total volunteer staff,,,,,Derived from State and territory governments (unpublished),no.,76480,54845,33625,22345,13149,5013,1198,234,,206889
9A.4,2018-19,Human resources,All ages,All people,All people,All areas,,,Volunteers (headcount),Total volunteer staff,Rate per 100000 people,,,,Derived from State and territory governments (unpublished); ABS National state and territory population - December,rate,955.6,846.4,666.3,847.6,748.9,923.3,278.1,95.2,,822.7
9A.4,2017-18,Human resources,All ages,All people,All people,All areas,,,Salaried personnel (FTE),Firefighters,Permanent,,,,State and territory governments (unpublished),no.,4604,4181,2245,1020,934,306,348,243,,13880
9A.4,2017-18,Human resources,All ages,All people,All people,All areas,,,Salaried personnel (FTE),Firefighters,Part-time and other,,,,State and territory governments (unpublished),no.,748,623,204,0,22,1,0,1,,1599
9A.4,2017-18,Human resources,All ages,All people,All people,All areas,,,Salaried personnel (FTE),Firefighters,Other,,,,State and territory governments (unpublished),no.,12,0,41,143,0,0,0,0,,196
9A.4,2017-18,Human resources,All ages,All people,All people,All areas,,,Salaried personnel (FTE),Firefighters,Total,,,,Derived from State and territory governments (unpublished),no.,5364,4804,2491,1163,956,307,348,244,,15675
9A.4,2017-18,Human resources,All ages,All people,All people,All areas,,,Salaried personnel (FTE),Firefighters,Proportion of total FTE staff,,,,Derived from State and territory governments (unpublished),%,79.2,74.1,79.4,71.9,81.8,71.7,76.1,85.3,,77
9A.4,2017-18,Human resources,All ages,All people,All people,All areas,,,Salaried personnel (FTE),Firefighters,Rate per 100000 people,,,,Derived from State and territory governments (unpublished); ABS National state and territory population - December,rate,67.9,75.6,50.2,44.7,55.1,57.7,82.7,98.8,,63.3
9A.4,2017-18,Human resources,All ages,All people,All people,All areas,,,Salaried personnel (FTE),Support staff,,,,,State and territory governments (unpublished),no.,1406,1683,645,453,212,121,109,42,,4672
9A.4,2017-18,Human resources,All ages,All people,All people,All areas,,,Salaried personnel (FTE),Total fire service workforce,,,,,Derived from State and territory governments (unpublished),no.,6770,6487,3136,1616,1168,428,457,286,,20347
9A.4,2017-18,Human resources,All ages,All people,All people,Major cities,,,Salaried personnel (FTE),Firefighters by region,Number,,,,State and territory governments (unpublished),no.,na,na,1391,996,na,..,na,..,,na
9A.4,2017-18,Human resources,All ages,All people,All people,Inner regional,,,Salaried personnel (FTE),Firefighters by region,Number,,,,State and territory governments (unpublished),no.,na,na,558,58,na,na,na,..,,na
9A.4,2017-18,Human resources,All ages,All people,All people,Outer regional,,,Salaried personnel (FTE),Firefighters by region,Number,,,,State and territory governments (unpublished),no.,na,na,364,97,na,na,..,na,,na
9A.4,2017-18,Human resources,All ages,All people,All people,Remote,,,Salaried personnel (FTE),Firefighters by region,Number,,,,State and territory governments (unpublished),no.,na,na,41,11,na,na,..,na,,na
9A.4,2017-18,Human resources,All ages,All people,All people,Very remote,,,Salaried personnel (FTE),Firefighters by region,Number,,,,State and territory governments (unpublished),no.,na,..,22,1,na,na,..,na,,na
9A.4,2017-18,Human resources,All ages,All people,All people,Major cities,,,Salaried personnel (FTE),Firefighters by region,Rate per 100000 people,,,,Derived from State and territory governments (unpublished); ABS Regional population,rate,na,na,44,49,na,..,na,..,,na
9A.4,2017-18,Human resources,All ages,All people,All people,Inner regional,,,Salaried personnel (FTE),Firefighters by region,Rate per 100000 people,,,,Derived from State and territory governments (unpublished); ABS Regional population,rate,na,na,58,26,na,na,na,..,,na
9A.4,2017-18,Human resources,All ages,All people,All people,Outer regional,,,Salaried personnel (FTE),Firefighters by region,Rate per 100000 people,,,,Derived from State and territory governments (unpublished); ABS Regional population,rate,na,na,53,52,na,na,..,na,,na
9A.4,2017-18,Human resources,All ages,All people,All people,Remote,,,Salaried personnel (FTE),Firefighters by region,Rate per 100000 people,,,,Derived from State and territory governments (unpublished); ABS Regional population,rate,na,na,57,12,na,na,..,na,,na
9A.4,2017-18,Human resources,All ages,All people,All people,Very remote,,,Salaried personnel (FTE),Firefighters by region,Rate per 100000 people,,,,Derived from State and territory governments (unpublished); ABS Regional population,rate,na,..,40,1,na,na,..,na,,na
9A.4,2017-18,Human resources,<30 years old,All people,All people,All areas,,,Salaried personnel (headcount),Firefighters by age group,Number,,,,State and territory governments (unpublished),no.,856,277,553,92,64,10,15,41,,1907
9A.4,2017-18,Human resources,30-39 years old,All people,All people,All areas,,,Salaried personnel (headcount),Firefighters by age group,Number,,,,State and territory governments (unpublished),no.,1690,997,1068,328,204,70,92,82,,4531
9A.4,2017-18,Human resources,40-49 years old,All people,All people,All areas,,,Salaried personnel (headcount),Firefighters by age group,Number,,,,State and territory governments (unpublished),no.,2175,788,1302,361,287,121,110,67,,5210
9A.4,2017-18,Human resources,50-59 years old,All people,All people,All areas,,,Salaried personnel (headcount),Firefighters by age group,Number,,,,State and territory governments (unpublished),no.,1709,945,1141,328,317,95,105,43,,4682
9A.4,2017-18,Human resources,60+ years old,All people,All people,All areas,,,Salaried personnel (headcount),Firefighters by age group,Number,,,,State and territory governments (unpublished),no.,422,247,257,66,85,11,26,12,,1126
9A.4,2017-18,Human resources,All ages,All people,All people,All areas,,,Salaried personnel (headcount),Firefighters by age group,Number,,,,Derived from State and territory governments (unpublished),no.,6851,3254,4321,1174,956,307,348,245,,17455
9A.4,2017-18,Human resources,All ages,All people,All people,All areas,,,Salaried personnel (FTE),Firefighters attrition rate,,,,,Derived from State and territory governments (unpublished),%,1.2,na,3.5,5.2,na,3.3,5,na,,1.5
9A.4,2017-18,Human resources,All ages,All people,All people,All areas,,,Salaried personnel (headcount),Firefighters attrition rate,,,,,Derived from State and territory governments (unpublished),%,6.1,2.2,6.6,5.1,2.9,3.3,5.5,5.3,,5.2
9A.4,2017-18,Human resources,All ages,All people,All people,All areas,,,Volunteers (headcount),Firefighters,,,,,State and territory governments (unpublished),no.,70278,34925,14213,20154,10286,4228,1160,637,,155881
9A.4,2017-18,Human resources,All ages,All people,All people,All areas,,,Volunteers (headcount),Support staff,,,,,State and territory governments (unpublished),no.,7318,20533,21820,2410,2989,918,0,0,,55988
9A.4,2017-18,Human resources,All ages,All people,All people,All areas,,,Volunteers (headcount),Total volunteer staff,,,,,Derived from State and territory governments (unpublished),no.,77596,55458,36033,22564,13275,5146,1160,637,,211869
9A.4,2017-18,Human resources,All ages,All people,All people,All areas,,,Volunteers (headcount),Total volunteer staff,Rate per 100000 people,,,,Derived from State and territory governments (unpublished); ABS National state and territory population - December,rate,982.1,872.2,726.3,867.9,764.8,968.1,276,258,,855.7
9A.4,2016-17,Human resources,All ages,All people,All people,All areas,,,Salaried personnel (FTE),Firefighters,Permanent,,,,State and territory governments (unpublished),no.,4595,3947,2276,1017,885,301,345,221,,13587
9A.4,2016-17,Human resources,All ages,All people,All people,All areas,,,Salaried personnel (FTE),Firefighters,Part-time and other,,,,State and territory governments (unpublished),no.,702,592,203,0,22,0,0,12,,1531
9A.4,2016-17,Human resources,All ages,All people,All people,All areas,,,Salaried personnel (FTE),Firefighters,Other,,,,State and territory governments (unpublished),no.,12,62,58,141,0,0,0,0,,273
9A.4,2016-17,Human resources,All ages,All people,All people,All areas,,,Salaried personnel (FTE),Firefighters,Total,,,,Derived from State and territory governments (unpublished),no.,5309,4601,2537,1159,907,301,345,233,,15392
9A.4,2016-17,Human resources,All ages,All people,All people,All areas,,,Salaried personnel (FTE),Firefighters,Proportion of total FTE staff,,,,Derived from State and territory governments (unpublished),%,80,73.1,80.9,71.8,82,71.5,76.8,86.6,,77.2
9A.4,2016-17,Human resources,All ages,All people,All people,All areas,,,Salaried personnel (FTE),Firefighters,Rate per 100000 people,,,,Derived from State and territory governments (unpublished); ABS National state and territory population - December,rate,68.1,73.8,52,45.1,52.7,57.7,84.4,94.7,,63.1
9A.4,2016-17,Human resources,All ages,All people,All people,All areas,,,Salaried personnel (FTE),Support staff,,,,,State and territory governments (unpublished),no.,1329,1694,598,455,199,120,104,36,,4535
9A.4,2016-17,Human resources,All ages,All people,All people,All areas,,,Salaried personnel (FTE),Total fire service workforce,,,,,Derived from State and territory governments (unpublished),no.,6638,6295,3135,1614,1105,421,449,269,,19926
9A.4,2016-17,Human resources,All ages,All people,All people,Major cities,,,Salaried personnel (FTE),Firefighters by region,Number,,,,State and territory governments (unpublished),no.,na,na,1405,992,na,..,na,..,,na
9A.4,2016-17,Human resources,All ages,All people,All people,Inner regional,,,Salaried personnel (FTE),Firefighters by region,Number,,,,State and territory governments (unpublished),no.,na,na,557,56,na,na,na,..,,na
9A.4,2016-17,Human resources,All ages,All people,All people,Outer regional,,,Salaried personnel (FTE),Firefighters by region,Number,,,,State and territory governments (unpublished),no.,na,na,383,100,na,na,..,na,,na
9A.4,2016-17,Human resources,All ages,All people,All people,Remote,,,Salaried personnel (FTE),Firefighters by region,Number,,,,State and territory governments (unpublished),no.,na,na,38,9,na,na,..,na,,na
9A.4,2016-17,Human resources,All ages,All people,All people,Very remote,,,Salaried personnel (FTE),Firefighters by region,Number,,,,State and territory governments (unpublished),no.,na,..,23,2,na,na,..,na,,na
9A.4,2016-17,Human resources,All ages,All people,All people,Major cities,,,Salaried personnel (FTE),Firefighters by region,Rate per 100000 people,,,,Derived from State and territory governments (unpublished); ABS Regional population,rate,na,na,46,50,na,..,na,..,,na
9A.4,2016-17,Human resources,All ages,All people,All people,Inner regional,,,Salaried personnel (FTE),Firefighters by region,Rate per 100000 people,,,,Derived from State and territory governments (unpublished); ABS Regional population,rate,na,na,58,25,na,na,na,..,,na
9A.4,2016-17,Human resources,All ages,All people,All people,Outer regional,,,Salaried personnel (FTE),Firefighters by region,Rate per 100000 people,,,,Derived from State and territory governments (unpublished); ABS Regional population,rate,na,na,56,54,na,na,..,na,,na
9A.4,2016-17,Human resources,All ages,All people,All people,Remote,,,Salaried personnel (FTE),Firefighters by region,Rate per 100000 people,,,,Derived from State and territory governments (unpublished); ABS Regional population,rate,na,na,52,10,na,na,..,na,,na
9A.4,2016-17,Human resources,All ages,All people,All people,Very remote,,,Salaried personnel (FTE),Firefighters by region,Rate per 100000 people,,,,Derived from State and territory governments (unpublished); ABS Regional population,rate,na,..,42,2,na,na,..,na,,na
9A.4,2016-17,Human resources,<30 years old,All people,All people,All areas,,,Salaried personnel (headcount),Firefighters by age group,Number,,,,State and territory governments (unpublished),no.,909,277,579,106,88,11,20,31,,2021
9A.4,2016-17,Human resources,30-39 years old,All people,All people,All areas,,,Salaried personnel (headcount),Firefighters by age group,Number,,,,State and territory governments (unpublished),no.,1664,919,1071,320,250,67,79,66,,4435
9A.4,2016-17,Human resources,40-49 years old,All people,All people,All areas,,,Salaried personnel (headcount),Firefighters by age group,Number,,,,State and territory governments (unpublished),no.,2223,744,1358,358,321,119,114,71,,5307
9A.4,2016-17,Human resources,50-59 years old,All people,All people,All areas,,,Salaried personnel (headcount),Firefighters by age group,Number,,,,State and territory governments (unpublished),no.,1681,967,1123,334,358,90,113,43,,4708
9A.4,2016-17,Human resources,60+ years old,All people,All people,All areas,,,Salaried personnel (headcount),Firefighters by age group,Number,,,,State and territory governments (unpublished),no.,383,197,252,61,86,14,19,10,,1022
9A.4,2016-17,Human resources,All ages,All people,All people,All areas,,,Salaried personnel (headcount),Firefighters by age group,Number,,,,Derived from State and territory governments (unpublished),no.,6859,3102,4383,1178,1103,301,345,221,,17491
9A.4,2016-17,Human resources,All ages,All people,All people,All areas,,,Salaried personnel (FTE),Firefighters attrition rate,,,,,Derived from State and territory governments (unpublished),%,1.2,na,3.8,2.2,na,4,3,na,,1.4
9A.4,2016-17,Human resources,All ages,All people,All people,All areas,,,Salaried personnel (headcount),Firefighters attrition rate,,,,,Derived from State and territory governments (unpublished),%,5.9,2.2,8.2,2.1,1.6,4,3.2,7.7,,5.2
9A.4,2016-17,Human resources,All ages,All people,All people,All areas,,,Volunteers (headcount),Firefighters,,,,,State and territory governments (unpublished),no.,66716,35263,14089,20076,10642,3894,1353,572,,152605
9A.4,2016-17,Human resources,All ages,All people,All people,All areas,,,Volunteers (headcount),Support staff,,,,,State and territory governments (unpublished),no.,6486,20896,21942,2335,3099,809,0,0,,55567
9A.4,2016-17,Human resources,All ages,All people,All people,All areas,,,Volunteers (headcount),Total volunteer staff,,,,,Derived from State and territory governments (unpublished),no.,73202,56159,36031,22411,13741,4703,1353,572,,208172
9A.4,2016-17,Human resources,All ages,All people,All people,All areas,,,Volunteers (headcount),Total volunteer staff,Rate per 100000 people,,,,Derived from State and territory governments (unpublished); ABS National state and territory population - December,rate,939,900.6,737.9,872.2,799.1,901,330.9,232.5,,853.7
9A.4,2015-16,Human resources,All ages,All people,All people,All areas,,,Salaried personnel (FTE),Firefighters,Permanent,,,,State and territory governments (unpublished),no.,3448,3742,2271,964,868,304,354,207,,12158
9A.4,2015-16,Human resources,All ages,All people,All people,All areas,,,Salaried personnel (FTE),Firefighters,Part-time and other,,,,State and territory governments (unpublished),no.,627,661,206,0,22,0,0,52,,1568
9A.4,2015-16,Human resources,All ages,All people,All people,All areas,,,Salaried personnel (FTE),Firefighters,Other,,,,State and territory governments (unpublished),no.,12,524,92,146,0,0,0,0,,774
9A.4,2015-16,Human resources,All ages,All people,All people,All areas,,,Salaried personnel (FTE),Firefighters,Total,,,,Derived from State and territory governments (unpublished),no.,4088,4927,2569,1110,890,304,354,259,,14500
9A.4,2015-16,Human resources,All ages,All people,All people,All areas,,,Salaried personnel (FTE),Firefighters,Proportion of total FTE staff,,,,Derived from State and territory governments (unpublished),%,75.3,74.2,85,71.8,82.1,69,75.8,93.2,,76.7
9A.4,2015-16,Human resources,All ages,All people,All people,All areas,,,Salaried personnel (FTE),Firefighters,Rate per 100000 people,,,,Derived from State and territory governments (unpublished); ABS National state and territory population - December,rate,53.3,80.9,53.5,43.6,52.2,58.9,88.7,106.1,,60.5
9A.4,2015-16,Human resources,All ages,All people,All people,All areas,,,Salaried personnel (FTE),Support staff,,,,,State and territory governments (unpublished),no.,1344,1715,453,435,194,137,113,19,,4410
9A.4,2015-16,Human resources,All ages,All people,All people,All areas,,,Salaried personnel (FTE),Total fire service workforce,,,,,Derived from State and territory governments (unpublished),no.,5432,6642,3022,1545,1084,441,467,278,,18910
9A.4,2015-16,Human resources,All ages,All people,All people,Major cities,,,Salaried personnel (FTE),Firefighters by region,Number,,,,State and territory governments (unpublished),no.,na,na,1431,949,na,..,na,..,,na
9A.4,2015-16,Human resources,All ages,All people,All people,Inner regional,,,Salaried personnel (FTE),Firefighters by region,Number,,,,State and territory governments (unpublished),no.,na,na,560,51,na,na,na,..,,na
9A.4,2015-16,Human resources,All ages,All people,All people,Outer regional,,,Salaried personnel (FTE),Firefighters by region,Number,,,,State and territory governments (unpublished),no.,na,na,379,100,na,na,..,na,,na
9A.4,2015-16,Human resources,All ages,All people,All people,Remote,,,Salaried personnel (FTE),Firefighters by region,Number,,,,State and territory governments (unpublished),no.,na,na,41,8,na,na,..,na,,na
9A.4,2015-16,Human resources,All ages,All people,All people,Very remote,,,Salaried personnel (FTE),Firefighters by region,Number,,,,State and territory governments (unpublished),no.,na,..,22,3,na,na,..,na,,na
9A.4,2015-16,Human resources,All ages,All people,All people,Major cities,,,Salaried personnel (FTE),Firefighters by region,Rate per 100000 people,,,,Derived from State and territory governments (unpublished); ABS Regional population,rate,na,na,48,48,na,..,na,..,,na
9A.4,2015-16,Human resources,All ages,All people,All people,Inner regional,,,Salaried personnel (FTE),Firefighters by region,Rate per 100000 people,,,,Derived from State and territory governments (unpublished); ABS Regional population,rate,na,na,59,23,na,na,na,..,,na
9A.4,2015-16,Human resources,All ages,All people,All people,Outer regional,,,Salaried personnel (FTE),Firefighters by region,Rate per 100000 people,,,,Derived from State and territory governments (unpublished); ABS Regional population,rate,na,na,56,53,na,na,..,na,,na
9A.4,2015-16,Human resources,All ages,All people,All people,Remote,,,Salaried personnel (FTE),Firefighters by region,Rate per 100000 people,,,,Derived from State and territory governments (unpublished); ABS Regional population,rate,na,na,54,9,na,na,..,na,,na
9A.4,2015-16,Human resources,All ages,All people,All people,Very remote,,,Salaried personnel (FTE),Firefighters by region,Rate per 100000 people,,,,Derived from State and territory governments (unpublished); ABS Regional population,rate,na,..,39,4,na,na,..,na,,na
9A.4,2015-16,Human resources,<30 years old,All people,All people,All areas,,,Salaried personnel (headcount),Firefighters by age group,Number,,,,State and territory governments (unpublished),no.,930,257,614,114,78,14,26,41,,2073
9A.4,2015-16,Human resources,30-39 years old,All people,All people,All areas,,,Salaried personnel (headcount),Firefighters by age group,Number,,,,State and territory governments (unpublished),no.,1662,811,1058,323,250,66,83,86,,4339
9A.4,2015-16,Human resources,40-49 years old,All people,All people,All areas,,,Salaried personnel (headcount),Firefighters by age group,Number,,,,State and territory governments (unpublished),no.,2252,726,1394,346,337,122,111,83,,5371
9A.4,2015-16,Human resources,50-59 years old,All people,All people,All areas,,,Salaried personnel (headcount),Firefighters by age group,Number,,,,State and territory governments (unpublished),no.,1627,972,1124,315,381,86,122,39,,4665
9A.4,2015-16,Human resources,60+ years old,All people,All people,All areas,,,Salaried personnel (headcount),Firefighters by age group,Number,,,,State and territory governments (unpublished),no.,362,170,252,44,103,16,12,10,,969
9A.4,2015-16,Human resources,All ages,All people,All people,All areas,,,Salaried personnel (headcount),Firefighters by age group,Number,,,,Derived from State and territory governments (unpublished),no.,6832,2935,4442,1141,1149,304,354,259,,17416
9A.4,2015-16,Human resources,All ages,All people,All people,All areas,,,Salaried personnel (FTE),Firefighters attrition rate,,,,,Derived from State and territory governments (unpublished),%,1.4,na,4,1.4,na,1.3,2.5,na,,na
9A.4,2015-16,Human resources,All ages,All people,All people,All areas,,,Salaried personnel (headcount),Firefighters attrition rate,,,,,Derived from State and territory governments (unpublished),%,6.1,2.4,7.7,1.3,na,1.3,2.5,5.8,,na
9A.4,2015-16,Human resources,All ages,All people,All people,All areas,,,Volunteers (headcount),Firefighters,,,,,State and territory governments (unpublished),no.,79221,35585,14217,20492,10828,4035,1444,296,,166118
9A.4,2015-16,Human resources,All ages,All people,All people,All areas,,,Volunteers (headcount),Support staff,,,,,State and territory governments (unpublished),no.,9998,21629,21806,2429,3140,1058,0,0,,60060
9A.4,2015-16,Human resources,All ages,All people,All people,All areas,,,Volunteers (headcount),Total volunteer staff,,,,,Derived from State and territory governments (unpublished),no.,89219,57214,36023,22921,13968,5093,1444,296,,226178
9A.4,2015-16,Human resources,All ages,All people,All people,All areas,,,Volunteers (headcount),Total volunteer staff,Rate per 100000 people,,,,Derived from State and territory governments (unpublished); ABS National state and territory population - December,rate,1163,939,749.7,899.7,818.8,987.5,362,121.3,,943
