longitude,latitude,year,count
114.0,-28.0,2020.0,17
114.0,-27.5,2022.0,1
114.0,-27.0,2022.0,4
114.0,-24.0,2023.0,3
114.0,-23.5,2023.0,10
114.0,-23.0,2022.0,16
114.0,-22.0,2022.0,13
114.5,-28.0,2023.0,10
114.5,-28.0,2024.0,2
114.5,-27.5,2023.0,5
114.5,-27.0,2023.0,26
114.5,-26.0,2022.0,9
114.5,-25.5,2022.0,5
114.5,-25.0,2022.0,28
114.5,-24.5,2022.0,17
114.5,-24.0,2022.0,3
114.5,-23.5,2021.0,1
114.5,-23.5,2022.0,2
114.5,-23.5,2023.0,1
114.5,-23.0,2021.0,4
114.5,-23.0,2023.0,4
114.5,-23.0,2024.0,1
114.5,-22.5,2020.0,6
114.5,-22.5,2021.0,3
114.5,-22.5,2024.0,2
115.0,-34.0,2021.0,2
115.0,-34.0,2022.0,3
115.0,-33.5,2022.0,2
115.0,-31.0,2024.0,8
115.0,-30.5,2020.0,4
115.0,-30.5,2022.0,30
115.0,-30.5,2023.0,4
115.0,-30.5,2024.0,77
115.0,-30.0,2020.0,22
115.0,-30.0,2022.0,1
115.0,-30.0,2024.0,7
115.0,-29.5,2020.0,16
115.0,-29.5,2023.0,1
115.0,-29.5,2024.0,3
115.0,-29.0,2021.0,8
115.0,-29.0,2023.0,1
115.0,-28.5,2020.0,6
115.0,-28.5,2024.0,1
115.0,-26.0,2022.0,79
115.0,-25.5,2022.0,60
115.0,-25.0,2022.0,21
115.0,-24.5,2023.0,1
115.0,-24.5,2024.0,2
115.0,-24.0,2021.0,1
115.0,-24.0,2022.0,1
115.0,-23.5,2021.0,4
115.0,-23.5,2022.0,2
115.0,-23.0,2022.0,7
115.0,-22.5,2022.0,13
115.0,-22.0,2023.0,2
115.0,-21.5,2020.0,2
115.5,-34.5,2020.0,3
115.5,-34.5,2022.0,9
115.5,-34.5,2023.0,3
115.5,-34.0,2020.0,4
115.5,-34.0,2021.0,2
115.5,-34.0,2022.0,1
115.5,-34.0,2023.0,1
115.5,-34.0,2024.0,20
115.5,-33.5,2020.0,1
115.5,-33.5,2021.0,2
115.5,-33.5,2024.0,5
115.5,-31.5,2020.0,2
115.5,-31.5,2021.0,12
115.5,-31.5,2022.0,7
115.5,-31.5,2023.0,5
115.5,-31.5,2024.0,6
115.5,-31.0,2020.0,3
115.5,-31.0,2021.0,19
115.5,-31.0,2023.0,11
115.5,-31.0,2024.0,84
115.5,-30.5,2020.0,4
115.5,-30.5,2022.0,5
115.5,-30.5,2023.0,9
115.5,-30.5,2024.0,89
115.5,-30.0,2020.0,2
115.5,-30.0,2021.0,1
115.5,-30.0,2022.0,1
115.5,-30.0,2023.0,24
115.5,-30.0,2024.0,1
115.5,-29.5,2021.0,2
115.5,-29.5,2023.0,3
115.5,-29.5,2024.0,12
115.5,-29.0,2021.0,2
115.5,-29.0,2023.0,2
115.5,-28.5,2023.0,3
115.5,-22.5,2020.0,1
115.5,-22.0,2020.0,2
115.5,-22.0,2023.0,22
116.0,-35.0,2023.0,2
116.0,-35.0,2024.0,7
116.0,-34.5,2020.0,2
116.0,-34.5,2021.0,2
116.0,-34.5,2022.0,9
116.0,-34.5,2023.0,1
116.0,-34.5,2024.0,6
116.0,-34.0,2020.0,3
116.0,-34.0,2022.0,12
116.0,-34.0,2023.0,3
116.0,-34.0,2024.0,18
116.0,-33.5,2022.0,7
116.0,-33.5,2023.0,14
116.0,-33.5,2024.0,3
116.0,-33.0,2022.0,8
116.0,-33.0,2023.0,3
116.0,-33.0,2024.0,7
116.0,-32.5,2020.0,11
116.0,-32.5,2021.0,3
116.0,-32.5,2022.0,2
116.0,-32.5,2023.0,4
116.0,-32.5,2024.0,27
116.0,-32.0,2020.0,3
116.0,-32.0,2021.0,4
116.0,-32.0,2022.0,4
116.0,-32.0,2023.0,1
116.0,-32.0,2024.0,3
116.0,-31.5,2020.0,5
116.0,-31.5,2021.0,39
116.0,-31.5,2022.0,22
116.0,-31.5,2023.0,8
116.0,-31.5,2024.0,24
116.0,-31.0,2020.0,2
116.0,-31.0,2022.0,8
116.0,-31.0,2023.0,2
116.0,-30.5,2020.0,1
116.0,-30.5,2022.0,8
116.0,-30.5,2023.0,2
116.0,-30.5,2024.0,3
116.0,-30.0,2022.0,1
116.0,-30.0,2023.0,1
116.0,-29.5,2020.0,1
116.0,-29.5,2022.0,4
116.0,-28.5,2022.0,2
116.0,-28.5,2023.0,1
116.0,-23.5,2024.0,10
116.0,-23.0,2020.0,2
116.0,-22.0,2020.0,2
116.0,-22.0,2021.0,2
116.0,-22.0,2022.0,5
116.0,-22.0,2023.0,51
116.0,-21.5,2020.0,3
116.0,-21.5,2024.0,4
116.5,-35.0,2021.0,2
116.5,-35.0,2023.0,1
116.5,-35.0,2024.0,19
116.5,-34.5,2020.0,11
116.5,-34.5,2022.0,8
116.5,-34.5,2023.0,9
116.5,-34.5,2024.0,3
116.5,-34.0,2020.0,4
116.5,-34.0,2021.0,1
116.5,-34.0,2022.0,3
116.5,-34.0,2023.0,3
116.5,-34.0,2024.0,1
116.5,-33.5,2021.0,2
116.5,-33.5,2022.0,2
116.5,-33.5,2023.0,5
116.5,-33.5,2024.0,25
116.5,-33.0,2020.0,10
116.5,-33.0,2022.0,5
116.5,-33.0,2023.0,1
116.5,-33.0,2024.0,1
116.5,-32.5,2020.0,4
116.5,-32.5,2021.0,4
116.5,-32.5,2022.0,10
116.5,-32.5,2023.0,6
116.5,-32.5,2024.0,29
116.5,-32.0,2021.0,7
116.5,-32.0,2022.0,36
116.5,-32.0,2023.0,9
116.5,-32.0,2024.0,2
116.5,-31.5,2021.0,1
116.5,-31.5,2022.0,4
116.5,-31.5,2023.0,1
116.5,-31.5,2024.0,2
116.5,-31.0,2022.0,5
116.5,-31.0,2023.0,14
116.5,-30.5,2021.0,2
116.5,-30.5,2022.0,5
116.5,-30.5,2023.0,7
116.5,-30.5,2024.0,1
116.5,-30.0,2022.0,4
116.5,-30.0,2023.0,1
116.5,-22.5,2023.0,10
116.5,-22.5,2024.0,2
116.5,-22.0,2022.0,3
116.5,-22.0,2023.0,22
116.5,-22.0,2024.0,4
116.5,-21.5,2022.0,15
116.5,-21.5,2024.0,1
116.5,-21.0,2022.0,9
116.5,-21.0,2023.0,34
117.0,-35.0,2020.0,2
117.0,-35.0,2022.0,7
117.0,-35.0,2023.0,10
117.0,-35.0,2024.0,29
117.0,-34.5,2021.0,1
117.0,-34.5,2022.0,29
117.0,-34.5,2023.0,1
117.0,-34.5,2024.0,2
117.0,-34.0,2021.0,2
117.0,-34.0,2022.0,3
117.0,-34.0,2023.0,2
117.0,-34.0,2024.0,2
117.0,-33.5,2021.0,2
117.0,-33.5,2022.0,2
117.0,-33.0,2020.0,2
117.0,-33.0,2021.0,1
117.0,-33.0,2022.0,3
117.0,-33.0,2023.0,1
117.0,-33.0,2024.0,5
117.0,-32.5,2022.0,5
117.0,-32.5,2023.0,1
117.0,-32.0,2020.0,2
117.0,-32.0,2022.0,14
117.0,-32.0,2023.0,6
117.0,-32.0,2024.0,18
117.0,-31.5,2021.0,1
117.0,-31.5,2022.0,2
117.0,-31.5,2023.0,5
117.0,-31.5,2024.0,5
117.0,-31.0,2022.0,3
117.0,-31.0,2023.0,5
117.0,-30.5,2021.0,2
117.0,-30.5,2022.0,1
117.0,-30.5,2023.0,5
117.0,-22.5,2021.0,1
117.0,-22.5,2022.0,1
117.0,-22.5,2024.0,2
117.0,-22.0,2021.0,3
117.0,-22.0,2022.0,3
117.0,-21.5,2021.0,8
117.0,-21.5,2022.0,25
117.0,-21.5,2023.0,11
117.0,-21.5,2024.0,1
117.0,-21.0,2021.0,14
117.0,-21.0,2022.0,7
117.0,-21.0,2024.0,4
117.0,-20.5,2020.0,1
117.0,-20.5,2021.0,1
117.5,-35.0,2023.0,1
117.5,-35.0,2024.0,5
117.5,-34.5,2021.0,3
117.5,-34.5,2022.0,2
117.5,-34.5,2023.0,7
117.5,-34.5,2024.0,2
117.5,-34.0,2021.0,1
117.5,-34.0,2023.0,1
117.5,-34.0,2024.0,1
117.5,-33.5,2020.0,3
117.5,-33.5,2021.0,4
117.5,-33.5,2022.0,5
117.5,-33.0,2021.0,3
117.5,-33.0,2022.0,2
117.5,-33.0,2023.0,2
117.5,-32.5,2020.0,1
117.5,-32.5,2022.0,7
117.5,-32.5,2023.0,2
117.5,-32.5,2024.0,3
117.5,-32.0,2021.0,1
117.5,-32.0,2022.0,17
117.5,-32.0,2023.0,4
117.5,-32.0,2024.0,3
117.5,-31.5,2022.0,5
117.5,-31.5,2023.0,1
117.5,-31.5,2024.0,2
117.5,-31.0,2022.0,1
117.5,-30.5,2023.0,1
117.5,-29.5,2023.0,1
117.5,-23.0,2020.0,4
117.5,-23.0,2023.0,1
117.5,-22.5,2023.0,1
117.5,-22.0,2021.0,7
117.5,-22.0,2022.0,10
117.5,-22.0,2023.0,5
117.5,-21.5,2021.0,1
117.5,-21.5,2022.0,3
117.5,-21.5,2023.0,13
117.5,-21.0,2020.0,2
117.5,-21.0,2021.0,34
117.5,-21.0,2022.0,1
118.0,-35.0,2020.0,1
118.0,-35.0,2022.0,1
118.0,-35.0,2023.0,5
118.0,-34.5,2023.0,3
118.0,-33.5,2022.0,1
118.0,-33.5,2023.0,1
118.0,-33.0,2020.0,1
118.0,-33.0,2022.0,1
118.0,-33.0,2023.0,2
118.0,-32.5,2020.0,1
118.0,-32.5,2022.0,5
118.0,-32.5,2023.0,10
118.0,-32.5,2024.0,1
118.0,-32.0,2022.0,8
118.0,-32.0,2024.0,1
118.0,-31.5,2023.0,1
118.0,-31.0,2022.0,1
118.0,-31.0,2023.0,5
118.0,-30.0,2023.0,25
118.0,-23.0,2024.0,2
118.0,-22.5,2020.0,1
118.0,-22.5,2021.0,21
118.0,-22.0,2023.0,5
118.0,-22.0,2024.0,7
118.0,-21.5,2021.0,4
118.0,-21.5,2023.0,18
118.0,-21.5,2024.0,6
118.0,-21.0,2020.0,1
118.0,-21.0,2021.0,19
118.0,-21.0,2023.0,8
118.0,-20.5,2022.0,26
118.0,-20.5,2024.0,1
118.5,-35.0,2020.0,1
118.5,-34.5,2020.0,4
118.5,-34.5,2022.0,1
118.5,-34.5,2023.0,4
118.5,-34.5,2024.0,24
118.5,-34.0,2022.0,1
118.5,-32.5,2023.0,1
118.5,-32.5,2024.0,1
118.5,-29.5,2022.0,10
118.5,-29.5,2023.0,8
118.5,-29.5,2024.0,8
118.5,-24.0,2020.0,8
118.5,-23.0,2022.0,7
118.5,-23.0,2023.0,2
118.5,-23.0,2024.0,2
118.5,-22.5,2020.0,1
118.5,-22.5,2021.0,1
118.5,-22.5,2024.0,2
118.5,-22.0,2020.0,4
118.5,-22.0,2021.0,2
118.5,-22.0,2023.0,4
118.5,-22.0,2024.0,4
118.5,-21.5,2020.0,3
118.5,-21.5,2021.0,43
118.5,-21.5,2022.0,9
118.5,-21.5,2023.0,2
118.5,-21.5,2024.0,9
118.5,-21.0,2020.0,20
118.5,-21.0,2021.0,25
118.5,-21.0,2022.0,8
118.5,-21.0,2023.0,9
118.5,-20.5,2020.0,6
118.5,-20.5,2021.0,12
118.5,-20.5,2022.0,2
118.5,-20.5,2023.0,4
118.5,-20.5,2024.0,1
119.0,-34.5,2020.0,2
119.0,-34.5,2022.0,14
119.0,-34.0,2022.0,4
119.0,-34.0,2024.0,2
119.0,-33.5,2024.0,2
119.0,-33.0,2024.0,4
119.0,-32.5,2023.0,2
119.0,-32.5,2024.0,2
119.0,-32.0,2022.0,3
119.0,-32.0,2023.0,1
119.0,-31.5,2023.0,1
119.0,-31.5,2024.0,1
119.0,-30.5,2023.0,4
119.0,-29.0,2022.0,6
119.0,-28.0,2024.0,4
119.0,-23.0,2021.0,1
119.0,-22.5,2020.0,1
119.0,-22.5,2021.0,1
119.0,-22.5,2022.0,1
119.0,-22.5,2024.0,9
119.0,-22.0,2020.0,1
119.0,-22.0,2021.0,9
119.0,-22.0,2023.0,1
119.0,-21.5,2020.0,7
119.0,-21.5,2021.0,6
119.0,-21.5,2022.0,1
119.0,-21.5,2023.0,2
119.0,-21.5,2024.0,10
119.0,-21.0,2020.0,9
119.0,-21.0,2021.0,10
119.0,-21.0,2022.0,1
119.0,-20.5,2020.0,14
119.0,-20.5,2021.0,19
119.0,-20.5,2022.0,1
119.0,-20.5,2023.0,2
119.0,-20.5,2024.0,1
119.5,-33.0,2022.0,1
119.5,-33.0,2024.0,1
119.5,-32.5,2020.0,29
119.5,-32.5,2021.0,5
119.5,-32.5,2022.0,2
119.5,-32.0,2020.0,35
119.5,-32.0,2022.0,4
119.5,-31.0,2022.0,1
119.5,-30.5,2022.0,9
119.5,-23.0,2022.0,1
119.5,-23.0,2024.0,9
119.5,-22.5,2020.0,1
119.5,-22.5,2021.0,1
119.5,-22.5,2022.0,2
119.5,-22.0,2021.0,1
119.5,-22.0,2022.0,1
119.5,-22.0,2023.0,4
119.5,-22.0,2024.0,6
119.5,-21.5,2020.0,3
119.5,-21.5,2021.0,12
119.5,-21.5,2022.0,4
119.5,-21.5,2023.0,8
119.5,-21.5,2024.0,6
119.5,-21.0,2020.0,23
119.5,-21.0,2021.0,21
119.5,-21.0,2022.0,3
119.5,-21.0,2023.0,2
119.5,-21.0,2024.0,18
119.5,-20.5,2021.0,5
119.5,-20.5,2022.0,2
119.5,-20.5,2023.0,5
119.5,-20.0,2020.0,2
119.5,-20.0,2021.0,1
120.0,-34.0,2023.0,24
120.0,-34.0,2024.0,1
120.0,-33.5,2020.0,1
120.0,-33.5,2023.0,65
120.0,-33.0,2020.0,55
120.0,-32.5,2020.0,10
120.0,-32.0,2021.0,1
120.0,-31.5,2020.0,4
120.0,-31.5,2021.0,9
120.0,-31.0,2021.0,1
120.0,-31.0,2022.0,7
120.0,-31.0,2024.0,6
120.0,-30.5,2021.0,8
120.0,-30.5,2022.0,6
120.0,-30.5,2023.0,3
120.0,-30.0,2022.0,7
120.0,-25.0,2020.0,2
120.0,-24.5,2024.0,2
120.0,-23.5,2024.0,2
120.0,-23.0,2020.0,1
120.0,-23.0,2021.0,1
120.0,-23.0,2024.0,4
120.0,-22.5,2022.0,2
120.0,-22.5,2023.0,1
120.0,-22.5,2024.0,3
120.0,-22.0,2020.0,2
120.0,-22.0,2022.0,3
120.0,-22.0,2023.0,2
120.0,-22.0,2024.0,4
120.0,-21.5,2020.0,1
120.0,-21.5,2021.0,5
120.0,-21.5,2022.0,1
120.0,-21.5,2023.0,2
120.0,-21.5,2024.0,6
120.0,-21.0,2020.0,3
120.0,-21.0,2021.0,5
120.0,-21.0,2023.0,19
120.0,-21.0,2024.0,14
120.0,-20.5,2020.0,2
120.0,-20.5,2021.0,8
120.0,-20.5,2024.0,29
120.5,-34.0,2021.0,1
120.5,-34.0,2022.0,1
120.5,-34.0,2023.0,2
120.5,-34.0,2024.0,1
120.5,-33.5,2021.0,12
120.5,-33.5,2022.0,1
120.5,-33.5,2023.0,3
120.5,-33.0,2020.0,17
120.5,-33.0,2021.0,4
120.5,-32.5,2023.0,5
120.5,-32.0,2022.0,2
120.5,-32.0,2024.0,3
120.5,-31.5,2023.0,1
120.5,-31.5,2024.0,8
120.5,-31.0,2022.0,19
120.5,-31.0,2023.0,22
120.5,-31.0,2024.0,7
120.5,-30.5,2022.0,11
120.5,-30.5,2024.0,3
120.5,-27.5,2021.0,5
120.5,-27.0,2022.0,2
120.5,-23.5,2021.0,8
120.5,-22.5,2023.0,1
120.5,-22.5,2024.0,3
120.5,-22.0,2020.0,3
120.5,-22.0,2021.0,12
120.5,-22.0,2022.0,4
120.5,-22.0,2023.0,5
120.5,-22.0,2024.0,5
120.5,-21.5,2020.0,2
120.5,-21.5,2021.0,4
120.5,-21.5,2024.0,2
120.5,-21.0,2021.0,3
120.5,-21.0,2022.0,29
120.5,-21.0,2023.0,6
120.5,-21.0,2024.0,1
120.5,-20.5,2022.0,8
120.5,-20.5,2024.0,1
120.5,-20.0,2021.0,4
121.0,-34.0,2022.0,1
121.0,-34.0,2023.0,5
121.0,-33.5,2023.0,1
121.0,-33.5,2024.0,2
121.0,-32.5,2020.0,25
121.0,-32.5,2022.0,2
121.0,-32.0,2021.0,7
121.0,-32.0,2022.0,4
121.0,-32.0,2023.0,1
121.0,-31.5,2020.0,10
121.0,-31.0,2020.0,21
121.0,-30.0,2020.0,1
121.0,-30.0,2022.0,20
121.0,-26.0,2020.0,2
121.0,-22.5,2024.0,8
121.0,-22.0,2021.0,6
121.0,-22.0,2024.0,6
121.0,-21.5,2021.0,1
121.0,-21.5,2023.0,1
121.0,-21.5,2024.0,3
121.0,-21.0,2022.0,6
121.0,-21.0,2024.0,9
121.0,-20.5,2021.0,5
121.0,-20.5,2024.0,1
121.0,-20.0,2020.0,1
121.0,-20.0,2022.0,1
121.0,-20.0,2024.0,5
121.5,-34.0,2020.0,1
121.5,-33.5,2023.0,1
121.5,-33.0,2024.0,5
121.5,-32.5,2020.0,22
121.5,-32.0,2020.0,78
121.5,-32.0,2021.0,6
121.5,-31.5,2023.0,6
121.5,-27.5,2020.0,2
121.5,-23.0,2023.0,4
121.5,-22.5,2021.0,1
121.5,-22.5,2024.0,21
121.5,-22.0,2021.0,1
121.5,-22.0,2024.0,7
121.5,-21.5,2023.0,3
121.5,-21.5,2024.0,3
121.5,-21.0,2021.0,5
121.5,-21.0,2024.0,18
121.5,-20.5,2021.0,4
121.5,-20.5,2022.0,1
121.5,-20.5,2024.0,1
121.5,-20.0,2020.0,4
121.5,-20.0,2021.0,9
121.5,-20.0,2022.0,3
121.5,-20.0,2024.0,6
121.5,-19.5,2021.0,6
121.5,-19.5,2022.0,1
121.5,-19.5,2023.0,1
121.5,-19.0,2023.0,5
121.5,-19.0,2024.0,29
121.5,-18.5,2020.0,1
121.5,-18.5,2023.0,3
122.0,-34.0,2024.0,2
122.0,-33.0,2020.0,54
122.0,-32.5,2020.0,190
122.0,-28.5,2021.0,1
122.0,-25.5,2022.0,4
122.0,-25.0,2020.0,3
122.0,-25.0,2022.0,5
122.0,-24.0,2023.0,2
122.0,-23.0,2021.0,2
122.0,-23.0,2022.0,5
122.0,-23.0,2023.0,1
122.0,-23.0,2024.0,1
122.0,-22.5,2021.0,2
122.0,-22.5,2023.0,9
122.0,-22.0,2021.0,1
122.0,-22.0,2024.0,1
122.0,-21.5,2021.0,5
122.0,-21.5,2023.0,2
122.0,-21.0,2021.0,2
122.0,-20.5,2021.0,3
122.0,-20.5,2022.0,2
122.0,-20.5,2023.0,35
122.0,-20.5,2024.0,1
122.0,-20.0,2020.0,1
122.0,-20.0,2021.0,14
122.0,-20.0,2022.0,11
122.0,-20.0,2023.0,2
122.0,-20.0,2024.0,5
122.0,-19.5,2020.0,6
122.0,-19.5,2021.0,3
122.0,-19.0,2020.0,2
122.0,-19.0,2021.0,3
122.0,-19.0,2022.0,1
122.0,-19.0,2023.0,53
122.0,-18.5,2021.0,39
122.0,-18.5,2022.0,5
122.0,-18.5,2023.0,3
122.0,-18.5,2024.0,4
122.0,-18.0,2023.0,1
122.0,-17.5,2021.0,7
122.0,-17.5,2023.0,1
122.0,-17.5,2024.0,1
122.5,-34.0,2020.0,3
122.5,-34.0,2023.0,1
122.5,-33.5,2020.0,13
122.5,-33.0,2020.0,6
122.5,-32.5,2020.0,69
122.5,-32.0,2020.0,2
122.5,-31.5,2022.0,1
122.5,-28.5,2021.0,2
122.5,-26.0,2021.0,1
122.5,-26.0,2022.0,2
122.5,-25.0,2024.0,2
122.5,-24.0,2022.0,1
122.5,-23.5,2020.0,1
122.5,-23.5,2024.0,2
122.5,-23.0,2023.0,3
122.5,-21.5,2023.0,5
122.5,-21.0,2023.0,7
122.5,-21.0,2024.0,7
122.5,-20.5,2021.0,2
122.5,-20.5,2022.0,1
122.5,-20.5,2023.0,78
122.5,-20.5,2024.0,1
122.5,-20.0,2020.0,2
122.5,-20.0,2021.0,9
122.5,-20.0,2022.0,2
122.5,-20.0,2023.0,22
122.5,-19.5,2020.0,8
122.5,-19.5,2021.0,9
122.5,-19.5,2022.0,7
122.5,-19.5,2023.0,7
122.5,-19.0,2021.0,1
122.5,-19.0,2022.0,6
122.5,-19.0,2023.0,61
122.5,-18.5,2022.0,8
122.5,-18.5,2023.0,28
122.5,-18.5,2024.0,11
122.5,-18.0,2021.0,6
122.5,-18.0,2022.0,2
122.5,-18.0,2024.0,6
122.5,-17.5,2020.0,1
122.5,-17.5,2021.0,82
122.5,-17.5,2022.0,14
122.5,-17.5,2023.0,32
122.5,-17.5,2024.0,43
122.5,-17.0,2020.0,26
122.5,-17.0,2021.0,57
122.5,-17.0,2022.0,6
122.5,-17.0,2023.0,28
122.5,-17.0,2024.0,19
123.0,-33.5,2021.0,1
123.0,-33.0,2021.0,5
123.0,-32.5,2020.0,196
123.0,-32.5,2021.0,17
123.0,-32.5,2022.0,2
123.0,-32.0,2021.0,1
123.0,-30.5,2020.0,3
123.0,-30.0,2021.0,3
123.0,-30.0,2023.0,2
123.0,-28.5,2020.0,2
123.0,-28.0,2022.0,3
123.0,-27.0,2020.0,12
123.0,-26.0,2024.0,2
123.0,-23.0,2021.0,4
123.0,-23.0,2024.0,1
123.0,-22.5,2020.0,2
123.0,-22.5,2023.0,8
123.0,-22.5,2024.0,5
123.0,-22.0,2022.0,4
123.0,-22.0,2024.0,1
123.0,-21.5,2023.0,1
123.0,-21.0,2021.0,1
123.0,-21.0,2023.0,25
123.0,-21.0,2024.0,4
123.0,-20.5,2021.0,8
123.0,-20.5,2022.0,11
123.0,-20.5,2023.0,31
123.0,-20.5,2024.0,4
123.0,-20.0,2021.0,1
123.0,-20.0,2022.0,14
123.0,-20.0,2023.0,29
123.0,-19.5,2021.0,6
123.0,-19.5,2022.0,7
123.0,-19.5,2023.0,78
123.0,-19.0,2021.0,16
123.0,-19.0,2022.0,14
123.0,-19.0,2023.0,57
123.0,-18.5,2021.0,24
123.0,-18.5,2022.0,2
123.0,-18.5,2023.0,8
123.0,-18.5,2024.0,29
123.0,-18.0,2020.0,7
123.0,-18.0,2021.0,31
123.0,-18.0,2022.0,3
123.0,-18.0,2023.0,9
123.0,-18.0,2024.0,9
123.0,-17.5,2020.0,46
123.0,-17.5,2021.0,58
123.0,-17.5,2022.0,5
123.0,-17.5,2023.0,19
123.0,-17.5,2024.0,3
123.0,-17.0,2020.0,19
123.0,-17.0,2021.0,72
123.0,-17.0,2022.0,76
123.0,-17.0,2023.0,21
123.0,-17.0,2024.0,8
123.0,-16.5,2020.0,3
123.0,-16.5,2021.0,18
123.0,-16.5,2022.0,10
123.0,-16.5,2023.0,5
123.0,-16.5,2024.0,1
123.5,-33.0,2020.0,105
123.5,-32.5,2020.0,227
123.5,-32.5,2024.0,94
123.5,-32.0,2020.0,15
123.5,-32.0,2021.0,81
123.5,-32.0,2022.0,1
123.5,-31.5,2021.0,1
123.5,-31.0,2020.0,64
123.5,-30.5,2020.0,4
123.5,-29.5,2020.0,3
123.5,-28.0,2020.0,4
123.5,-28.0,2021.0,1
123.5,-27.5,2020.0,15
123.5,-27.5,2021.0,1
123.5,-27.0,2020.0,2
123.5,-26.5,2020.0,3
123.5,-26.5,2021.0,2
123.5,-26.0,2021.0,3
123.5,-24.0,2024.0,2
123.5,-23.5,2024.0,4
123.5,-23.0,2024.0,16
123.5,-22.5,2023.0,1
123.5,-22.5,2024.0,12
123.5,-20.5,2022.0,6
123.5,-20.5,2023.0,73
123.5,-20.5,2024.0,6
123.5,-20.0,2021.0,13
123.5,-20.0,2022.0,2
123.5,-20.0,2023.0,41
123.5,-19.5,2021.0,1
123.5,-19.5,2022.0,21
123.5,-19.5,2023.0,53
123.5,-19.0,2021.0,44
123.5,-19.0,2022.0,13
123.5,-19.0,2023.0,4
123.5,-18.5,2021.0,15
123.5,-18.5,2022.0,72
123.5,-18.5,2023.0,10
123.5,-18.5,2024.0,1
123.5,-18.0,2020.0,1
123.5,-18.0,2021.0,26
123.5,-18.0,2022.0,39
123.5,-18.0,2023.0,48
123.5,-17.5,2020.0,1
123.5,-17.5,2021.0,14
123.5,-17.5,2023.0,28
123.5,-17.5,2024.0,1
123.5,-17.0,2021.0,11
123.5,-17.0,2024.0,4
123.5,-16.5,2020.0,1
123.5,-16.5,2021.0,4
123.5,-16.5,2023.0,1
123.5,-16.5,2024.0,1
123.5,-16.0,2022.0,1
124.0,-33.5,2023.0,2
124.0,-33.0,2020.0,207
124.0,-33.0,2021.0,5
124.0,-32.5,2020.0,3
124.0,-32.5,2024.0,14
124.0,-31.5,2021.0,12
124.0,-31.5,2022.0,2
124.0,-31.0,2020.0,10
124.0,-31.0,2022.0,22
124.0,-30.5,2021.0,6
124.0,-29.5,2020.0,8
124.0,-28.5,2020.0,1
124.0,-27.0,2020.0,3
124.0,-25.0,2023.0,6
124.0,-23.5,2024.0,1
124.0,-23.0,2024.0,5
124.0,-22.5,2024.0,5
124.0,-22.0,2023.0,13
124.0,-22.0,2024.0,2
124.0,-21.5,2023.0,7
124.0,-21.5,2024.0,1
124.0,-21.0,2021.0,2
124.0,-21.0,2023.0,58
124.0,-20.5,2021.0,20
124.0,-20.5,2023.0,73
124.0,-20.0,2020.0,1
124.0,-20.0,2022.0,31
124.0,-20.0,2023.0,102
124.0,-19.5,2022.0,26
124.0,-19.5,2023.0,14
124.0,-19.0,2021.0,19
124.0,-19.0,2022.0,9
124.0,-19.0,2023.0,36
124.0,-18.5,2020.0,1
124.0,-18.5,2021.0,8
124.0,-18.5,2022.0,12
124.0,-18.5,2023.0,63
124.0,-18.5,2024.0,4
124.0,-18.0,2020.0,3
124.0,-18.0,2021.0,26
124.0,-18.0,2022.0,9
124.0,-18.0,2023.0,30
124.0,-18.0,2024.0,6
124.0,-17.5,2020.0,1
124.0,-17.5,2021.0,17
124.0,-17.5,2022.0,56
124.0,-17.5,2023.0,39
124.0,-17.5,2024.0,1
124.0,-17.0,2020.0,24
124.0,-17.0,2021.0,1
124.0,-17.0,2022.0,3
124.0,-17.0,2023.0,12
124.0,-17.0,2024.0,6
124.0,-16.5,2021.0,12
124.0,-16.5,2023.0,14
124.5,-33.0,2020.0,120
124.5,-32.5,2020.0,1
124.5,-30.5,2021.0,3
124.5,-30.0,2020.0,28
124.5,-30.0,2021.0,16
124.5,-29.5,2021.0,4
124.5,-29.0,2020.0,1
124.5,-28.5,2020.0,8
124.5,-28.0,2020.0,5
124.5,-26.5,2022.0,1
124.5,-25.0,2023.0,1
124.5,-24.0,2024.0,3
124.5,-23.0,2021.0,2
124.5,-23.0,2024.0,1
124.5,-22.5,2023.0,9
124.5,-22.5,2024.0,3
124.5,-22.0,2022.0,4
124.5,-22.0,2024.0,15
124.5,-21.5,2022.0,1
124.5,-21.5,2024.0,18
124.5,-21.0,2021.0,2
124.5,-21.0,2023.0,50
124.5,-21.0,2024.0,7
124.5,-20.5,2021.0,2
124.5,-20.5,2022.0,6
124.5,-20.5,2023.0,46
124.5,-20.5,2024.0,2
124.5,-20.0,2022.0,46
124.5,-20.0,2023.0,5
124.5,-19.5,2022.0,46
124.5,-19.5,2023.0,57
124.5,-19.0,2021.0,7
124.5,-19.0,2022.0,21
124.5,-19.0,2023.0,62
124.5,-18.5,2020.0,6
124.5,-18.5,2021.0,2
124.5,-18.5,2022.0,17
124.5,-18.5,2023.0,22
124.5,-18.0,2021.0,9
124.5,-18.0,2022.0,9
124.5,-18.0,2023.0,3
124.5,-18.0,2024.0,7
124.5,-17.5,2020.0,6
124.5,-17.5,2021.0,13
124.5,-17.5,2022.0,4
124.5,-17.5,2023.0,15
124.5,-17.5,2024.0,2
124.5,-17.0,2020.0,8
124.5,-17.0,2021.0,33
124.5,-17.0,2022.0,3
124.5,-17.0,2023.0,37
124.5,-17.0,2024.0,1
124.5,-16.5,2020.0,2
124.5,-16.5,2021.0,2
124.5,-16.5,2023.0,12
124.5,-16.5,2024.0,1
124.5,-16.0,2020.0,2
124.5,-16.0,2021.0,4
124.5,-16.0,2022.0,1
124.5,-16.0,2024.0,1
124.5,-15.5,2020.0,5
124.5,-15.5,2021.0,2
124.5,-15.5,2022.0,1
124.5,-15.5,2024.0,1
125.0,-32.5,2023.0,2
125.0,-30.5,2022.0,4
125.0,-30.0,2021.0,4
125.0,-29.0,2020.0,3
125.0,-28.5,2020.0,2
125.0,-28.0,2020.0,7
125.0,-27.0,2021.0,4
125.0,-24.5,2023.0,4
125.0,-24.0,2024.0,2
125.0,-23.0,2024.0,3
125.0,-22.5,2021.0,7
125.0,-22.5,2024.0,1
125.0,-22.0,2021.0,6
125.0,-22.0,2023.0,7
125.0,-22.0,2024.0,10
125.0,-21.5,2022.0,2
125.0,-21.5,2023.0,1
125.0,-21.5,2024.0,2
125.0,-21.0,2020.0,10
125.0,-21.0,2023.0,15
125.0,-20.5,2023.0,33
125.0,-20.0,2021.0,8
125.0,-20.0,2022.0,8
125.0,-20.0,2023.0,25
125.0,-19.5,2020.0,1
125.0,-19.5,2021.0,9
125.0,-19.5,2023.0,17
125.0,-19.0,2021.0,8
125.0,-19.0,2022.0,16
125.0,-19.0,2023.0,48
125.0,-19.0,2024.0,1
125.0,-18.5,2020.0,1
125.0,-18.5,2021.0,32
125.0,-18.5,2022.0,9
125.0,-18.5,2023.0,16
125.0,-18.5,2024.0,6
125.0,-18.0,2020.0,3
125.0,-18.0,2021.0,5
125.0,-18.0,2022.0,14
125.0,-18.0,2023.0,10
125.0,-17.5,2020.0,8
125.0,-17.5,2021.0,3
125.0,-17.5,2022.0,1
125.0,-17.5,2023.0,12
125.0,-17.0,2020.0,2
125.0,-17.0,2022.0,10
125.0,-17.0,2023.0,8
125.0,-16.5,2021.0,4
125.0,-16.5,2022.0,3
125.0,-16.5,2023.0,6
125.0,-16.0,2020.0,2
125.0,-16.0,2021.0,8
125.0,-16.0,2022.0,4
125.0,-16.0,2024.0,2
125.0,-15.5,2020.0,17
125.0,-15.5,2023.0,14
125.0,-15.5,2024.0,2
125.0,-15.0,2023.0,4
125.0,-15.0,2024.0,10
125.0,-14.5,2023.0,5
125.5,-28.5,2020.0,1
125.5,-27.5,2020.0,2
125.5,-27.5,2024.0,5
125.5,-27.0,2021.0,3
125.5,-27.0,2022.0,3
125.5,-25.5,2020.0,1
125.5,-22.5,2024.0,5
125.5,-22.0,2022.0,21
125.5,-22.0,2023.0,11
125.5,-22.0,2024.0,12
125.5,-21.5,2022.0,1
125.5,-21.5,2023.0,13
125.5,-21.0,2021.0,4
125.5,-21.0,2023.0,41
125.5,-20.5,2021.0,9
125.5,-20.5,2022.0,4
125.5,-20.5,2023.0,43
125.5,-20.0,2021.0,25
125.5,-20.0,2022.0,9
125.5,-20.0,2023.0,48
125.5,-19.5,2021.0,25
125.5,-19.5,2022.0,55
125.5,-19.5,2023.0,35
125.5,-19.0,2021.0,5
125.5,-19.0,2022.0,18
125.5,-19.0,2023.0,46
125.5,-19.0,2024.0,2
125.5,-18.5,2021.0,11
125.5,-18.5,2022.0,1
125.5,-18.5,2023.0,12
125.5,-18.5,2024.0,1
125.5,-18.0,2020.0,4
125.5,-18.0,2021.0,3
125.5,-18.0,2022.0,1
125.5,-18.0,2023.0,14
125.5,-18.0,2024.0,6
125.5,-17.5,2020.0,1
125.5,-17.5,2021.0,13
125.5,-17.5,2022.0,1
125.5,-17.5,2023.0,25
125.5,-17.0,2021.0,1
125.5,-17.0,2022.0,7
125.5,-17.0,2024.0,1
125.5,-16.5,2020.0,1
125.5,-16.5,2021.0,3
125.5,-16.5,2022.0,3
125.5,-16.5,2023.0,1
125.5,-16.5,2024.0,6
125.5,-16.0,2021.0,2
125.5,-16.0,2024.0,8
125.5,-15.5,2021.0,5
125.5,-15.5,2022.0,1
125.5,-15.5,2023.0,3
125.5,-15.5,2024.0,1
125.5,-15.0,2020.0,13
125.5,-15.0,2021.0,25
125.5,-15.0,2024.0,3
125.5,-14.5,2020.0,1
125.5,-14.5,2022.0,2
125.5,-14.5,2023.0,1
125.5,-14.5,2024.0,3
126.0,-28.5,2020.0,11
126.0,-28.5,2021.0,2
126.0,-25.5,2022.0,2
126.0,-25.0,2024.0,8
126.0,-22.0,2022.0,5
126.0,-22.0,2024.0,5
126.0,-21.5,2022.0,11
126.0,-21.0,2022.0,1
126.0,-21.0,2023.0,5
126.0,-20.5,2021.0,2
126.0,-20.5,2022.0,1
126.0,-20.5,2023.0,34
126.0,-20.0,2022.0,1
126.0,-20.0,2023.0,141
126.0,-19.5,2021.0,7
126.0,-19.5,2022.0,8
126.0,-19.5,2023.0,20
126.0,-19.5,2024.0,3
126.0,-19.0,2020.0,2
126.0,-19.0,2022.0,4
126.0,-19.0,2023.0,48
126.0,-18.5,2021.0,15
126.0,-18.5,2022.0,1
126.0,-18.5,2023.0,22
126.0,-18.5,2024.0,5
126.0,-18.0,2023.0,18
126.0,-18.0,2024.0,4
126.0,-17.5,2020.0,1
126.0,-17.5,2022.0,1
126.0,-17.5,2023.0,16
126.0,-17.0,2020.0,1
126.0,-17.0,2021.0,1
126.0,-17.0,2022.0,2
126.0,-17.0,2023.0,11
126.0,-17.0,2024.0,5
126.0,-16.5,2020.0,1
126.0,-16.5,2022.0,34
126.0,-16.5,2024.0,6
126.0,-16.0,2020.0,4
126.0,-16.0,2021.0,1
126.0,-16.0,2022.0,3
126.0,-16.0,2023.0,1
126.0,-16.0,2024.0,2
126.0,-15.5,2020.0,2
126.0,-15.5,2021.0,10
126.0,-15.5,2022.0,3
126.0,-15.5,2023.0,3
126.0,-15.5,2024.0,7
126.0,-15.0,2020.0,3
126.0,-15.0,2021.0,19
126.0,-15.0,2022.0,3
126.0,-15.0,2023.0,2
126.0,-15.0,2024.0,10
126.0,-14.5,2020.0,3
126.0,-14.5,2022.0,1
126.0,-14.5,2024.0,7
126.5,-24.5,2024.0,3
126.5,-24.0,2023.0,12
126.5,-23.0,2023.0,10
126.5,-23.0,2024.0,2
126.5,-22.0,2021.0,2
126.5,-22.0,2024.0,29
126.5,-21.5,2024.0,3
126.5,-21.0,2024.0,16
126.5,-20.5,2022.0,16
126.5,-20.5,2023.0,41
126.5,-20.0,2022.0,2
126.5,-20.0,2023.0,66
126.5,-19.5,2021.0,25
126.5,-19.5,2022.0,20
126.5,-19.5,2023.0,1
126.5,-19.0,2021.0,16
126.5,-19.0,2022.0,9
126.5,-19.0,2023.0,9
126.5,-19.0,2024.0,17
126.5,-18.5,2020.0,2
126.5,-18.5,2021.0,5
126.5,-18.5,2022.0,7
126.5,-18.5,2023.0,24
126.5,-18.5,2024.0,9
126.5,-18.0,2021.0,10
126.5,-18.0,2023.0,2
126.5,-18.0,2024.0,4
126.5,-17.5,2020.0,5
126.5,-17.5,2022.0,1
126.5,-17.5,2023.0,12
126.5,-17.5,2024.0,1
126.5,-17.0,2020.0,1
126.5,-17.0,2021.0,15
126.5,-17.0,2022.0,13
126.5,-17.0,2023.0,3
126.5,-17.0,2024.0,10
126.5,-16.5,2020.0,1
126.5,-16.5,2022.0,10
126.5,-16.5,2024.0,13
126.5,-16.0,2020.0,3
126.5,-16.0,2021.0,9
126.5,-16.0,2022.0,10
126.5,-16.0,2023.0,1
126.5,-15.5,2020.0,6
126.5,-15.5,2021.0,3
126.5,-15.5,2022.0,8
126.5,-15.5,2023.0,8
126.5,-15.0,2020.0,4
126.5,-15.0,2021.0,4
126.5,-15.0,2022.0,1
126.5,-15.0,2023.0,1
126.5,-15.0,2024.0,2
126.5,-14.5,2020.0,3
126.5,-14.5,2021.0,2
126.5,-14.5,2022.0,2
126.5,-14.5,2023.0,9
126.5,-14.5,2024.0,5
126.5,-14.0,2020.0,3
126.5,-14.0,2022.0,3
126.5,-14.0,2023.0,3
126.5,-14.0,2024.0,2
127.0,-25.0,2021.0,7
127.0,-24.5,2023.0,1
127.0,-22.5,2023.0,33
127.0,-22.5,2024.0,10
127.0,-21.5,2024.0,3
127.0,-21.0,2023.0,9
127.0,-21.0,2024.0,7
127.0,-20.5,2023.0,23
127.0,-20.5,2024.0,9
127.0,-20.0,2021.0,14
127.0,-20.0,2023.0,66
127.0,-20.0,2024.0,11
127.0,-19.5,2021.0,62
127.0,-19.5,2022.0,8
127.0,-19.5,2023.0,12
127.0,-19.5,2024.0,3
127.0,-19.0,2021.0,56
127.0,-19.0,2022.0,20
127.0,-19.0,2023.0,6
127.0,-19.0,2024.0,18
127.0,-18.5,2021.0,5
127.0,-18.5,2022.0,1
127.0,-18.5,2023.0,10
127.0,-18.5,2024.0,1
127.0,-18.0,2020.0,4
127.0,-18.0,2021.0,7
127.0,-17.5,2021.0,1
127.0,-17.5,2022.0,7
127.0,-17.5,2023.0,9
127.0,-17.5,2024.0,2
127.0,-17.0,2021.0,1
127.0,-17.0,2022.0,11
127.0,-17.0,2023.0,5
127.0,-17.0,2024.0,1
127.0,-16.5,2020.0,3
127.0,-16.5,2021.0,1
127.0,-16.5,2023.0,1
127.0,-16.0,2020.0,3
127.0,-16.0,2021.0,10
127.0,-16.0,2022.0,4
127.0,-16.0,2023.0,3
127.0,-16.0,2024.0,4
127.0,-15.5,2021.0,11
127.0,-15.5,2022.0,2
127.0,-15.5,2023.0,2
127.0,-15.5,2024.0,3
127.0,-15.0,2021.0,1
127.0,-15.0,2023.0,1
127.0,-14.5,2020.0,29
127.0,-14.5,2021.0,11
127.0,-14.5,2022.0,7
127.0,-14.5,2023.0,3
127.0,-14.5,2024.0,20
127.0,-14.0,2020.0,9
127.0,-14.0,2022.0,16
127.0,-14.0,2023.0,12
127.5,-29.0,2020.0,3
127.5,-26.0,2021.0,4
127.5,-24.5,2021.0,2
127.5,-24.5,2023.0,2
127.5,-23.5,2024.0,3
127.5,-23.0,2023.0,13
127.5,-23.0,2024.0,1
127.5,-22.5,2023.0,12
127.5,-22.5,2024.0,25
127.5,-22.0,2023.0,1
127.5,-22.0,2024.0,10
127.5,-21.5,2024.0,1
127.5,-21.0,2024.0,13
127.5,-20.5,2022.0,2
127.5,-20.5,2023.0,10
127.5,-20.5,2024.0,12
127.5,-20.0,2021.0,1
127.5,-20.0,2022.0,54
127.5,-20.0,2023.0,9
127.5,-20.0,2024.0,6
127.5,-19.5,2021.0,32
127.5,-19.5,2022.0,17
127.5,-19.5,2023.0,6
127.5,-19.5,2024.0,4
127.5,-19.0,2021.0,142
127.5,-19.0,2022.0,27
127.5,-19.0,2024.0,5
127.5,-18.5,2021.0,34
127.5,-18.5,2022.0,3
127.5,-18.5,2023.0,4
127.5,-18.5,2024.0,14
127.5,-18.0,2021.0,3
127.5,-18.0,2023.0,4
127.5,-17.5,2023.0,27
127.5,-17.5,2024.0,2
127.5,-17.0,2021.0,3
127.5,-17.0,2022.0,31
127.5,-17.0,2023.0,10
127.5,-16.5,2020.0,1
127.5,-16.5,2021.0,5
127.5,-16.5,2022.0,3
127.5,-16.5,2023.0,3
127.5,-16.5,2024.0,10
127.5,-16.0,2020.0,2
127.5,-16.0,2022.0,16
127.5,-16.0,2023.0,1
127.5,-16.0,2024.0,1
127.5,-15.5,2020.0,1
127.5,-15.5,2021.0,4
127.5,-15.5,2022.0,6
127.5,-15.5,2024.0,2
127.5,-15.0,2020.0,1
127.5,-15.0,2021.0,2
127.5,-15.0,2022.0,4
127.5,-15.0,2024.0,1
127.5,-14.5,2020.0,5
127.5,-14.5,2021.0,8
127.5,-14.5,2022.0,6
127.5,-14.5,2023.0,1
127.5,-14.5,2024.0,4
127.5,-14.0,2020.0,6
127.5,-14.0,2021.0,3
127.5,-14.0,2022.0,5
128.0,-29.5,2020.0,1
128.0,-29.0,2020.0,15
128.0,-26.0,2020.0,2
128.0,-26.0,2022.0,1
128.0,-25.5,2022.0,1
128.0,-25.0,2022.0,4
128.0,-25.0,2023.0,1
128.0,-24.5,2021.0,1
128.0,-24.5,2022.0,1
128.0,-24.5,2024.0,5
128.0,-23.0,2020.0,1
128.0,-23.0,2022.0,1
128.0,-23.0,2023.0,3
128.0,-22.5,2024.0,2
128.0,-22.0,2024.0,8
128.0,-21.5,2024.0,10
128.0,-21.0,2021.0,1
128.0,-21.0,2024.0,12
128.0,-20.5,2021.0,2
128.0,-20.5,2022.0,9
128.0,-20.5,2023.0,4
128.0,-20.0,2021.0,4
128.0,-20.0,2022.0,55
128.0,-20.0,2023.0,19
128.0,-20.0,2024.0,21
128.0,-19.5,2021.0,3
128.0,-19.5,2022.0,105
128.0,-19.5,2023.0,2
128.0,-19.5,2024.0,14
128.0,-19.0,2021.0,9
128.0,-19.0,2022.0,18
128.0,-19.0,2024.0,1
128.0,-18.5,2021.0,24
128.0,-18.5,2022.0,1
128.0,-18.5,2023.0,5
128.0,-18.5,2024.0,8
128.0,-18.0,2021.0,2
128.0,-18.0,2022.0,11
128.0,-18.0,2023.0,1
128.0,-18.0,2024.0,3
128.0,-17.5,2023.0,13
128.0,-17.5,2024.0,6
128.0,-17.0,2021.0,2
128.0,-17.0,2022.0,4
128.0,-17.0,2023.0,11
128.0,-17.0,2024.0,7
128.0,-16.5,2020.0,1
128.0,-16.5,2021.0,2
128.0,-16.5,2022.0,7
128.0,-16.5,2023.0,3
128.0,-16.5,2024.0,7
128.0,-16.0,2020.0,3
128.0,-16.0,2022.0,3
128.0,-16.0,2023.0,9
128.0,-16.0,2024.0,1
128.0,-15.5,2020.0,3
128.0,-15.5,2021.0,3
128.0,-15.5,2022.0,9
128.0,-15.5,2023.0,11
128.0,-15.5,2024.0,6
128.0,-15.0,2020.0,1
128.0,-15.0,2021.0,3
128.0,-15.0,2022.0,2
128.0,-15.0,2024.0,3
128.0,-14.5,2021.0,2
128.5,-29.5,2020.0,3
128.5,-29.5,2021.0,2
128.5,-29.0,2020.0,13
128.5,-28.5,2020.0,7
128.5,-28.0,2020.0,16
128.5,-27.5,2020.0,5
128.5,-27.5,2022.0,1
128.5,-26.0,2022.0,8
128.5,-25.5,2022.0,5
128.5,-25.5,2023.0,3
128.5,-25.0,2021.0,6
128.5,-25.0,2022.0,7
128.5,-25.0,2023.0,1
128.5,-24.5,2024.0,2
128.5,-24.0,2023.0,2
128.5,-23.0,2023.0,2
128.5,-23.0,2024.0,1
128.5,-22.5,2020.0,3
128.5,-21.5,2024.0,13
128.5,-21.0,2023.0,4
128.5,-21.0,2024.0,5
128.5,-20.5,2021.0,1
128.5,-20.5,2022.0,22
128.5,-20.5,2023.0,63
128.5,-20.0,2022.0,26
128.5,-20.0,2023.0,63
128.5,-19.5,2021.0,5
128.5,-19.5,2022.0,32
128.5,-19.5,2023.0,38
128.5,-19.5,2024.0,29
128.5,-19.0,2021.0,29
128.5,-19.0,2023.0,36
128.5,-19.0,2024.0,10
128.5,-18.5,2021.0,28
128.5,-18.5,2022.0,2
128.5,-18.5,2023.0,4
128.5,-18.0,2022.0,2
128.5,-18.0,2023.0,3
128.5,-18.0,2024.0,3
128.5,-17.5,2020.0,5
128.5,-17.5,2023.0,4
128.5,-17.5,2024.0,25
128.5,-17.0,2022.0,1
128.5,-17.0,2023.0,1
128.5,-17.0,2024.0,6
128.5,-16.5,2020.0,5
128.5,-16.5,2021.0,2
128.5,-16.5,2022.0,2
128.5,-16.5,2023.0,30
128.5,-16.5,2024.0,1
128.5,-16.0,2020.0,1
128.5,-16.0,2021.0,7
128.5,-16.0,2022.0,1
128.5,-16.0,2023.0,11
128.5,-15.5,2020.0,5
128.5,-15.5,2021.0,5
128.5,-15.5,2022.0,1
128.5,-15.5,2024.0,1
128.5,-15.0,2020.0,12
128.5,-15.0,2021.0,2
128.5,-15.0,2022.0,15
129.0,-29.5,2021.0,24
129.0,-29.0,2020.0,5
129.0,-28.5,2020.0,8
129.0,-28.0,2021.0,1
129.0,-28.0,2024.0,1
129.0,-27.5,2024.0,24
129.0,-26.0,2022.0,20
129.0,-26.0,2023.0,3
129.0,-25.5,2023.0,1
129.0,-25.0,2023.0,6
129.0,-25.0,2024.0,2
129.0,-24.5,2020.0,2
129.0,-23.5,2022.0,19
129.0,-23.5,2023.0,1
129.0,-23.5,2024.0,1
129.0,-23.0,2023.0,1
129.0,-23.0,2024.0,2
129.0,-22.5,2024.0,1
129.0,-22.0,2024.0,25
129.0,-21.5,2024.0,11
129.0,-21.0,2024.0,2
129.0,-20.5,2023.0,46
129.0,-20.5,2024.0,4
129.0,-20.0,2021.0,5
129.0,-20.0,2022.0,1
129.0,-20.0,2023.0,72
129.0,-20.0,2024.0,1
129.0,-19.5,2021.0,57
129.0,-19.5,2022.0,31
129.0,-19.5,2023.0,26
129.0,-19.5,2024.0,20
129.0,-19.0,2021.0,49
129.0,-19.0,2023.0,37
129.0,-18.5,2021.0,27
129.0,-18.5,2023.0,10
129.0,-18.5,2024.0,5
129.0,-18.0,2022.0,19
129.0,-18.0,2023.0,5
129.0,-18.0,2024.0,7
129.0,-17.5,2020.0,2
129.0,-17.5,2022.0,14
129.0,-17.5,2023.0,11
129.0,-17.5,2024.0,14
129.0,-17.0,2020.0,2
129.0,-17.0,2021.0,5
129.0,-17.0,2024.0,19
129.0,-16.5,2024.0,4
129.0,-16.0,2020.0,1
129.0,-16.0,2021.0,13
129.0,-16.0,2022.0,6
129.0,-16.0,2023.0,3
129.0,-16.0,2024.0,3
129.0,-15.5,2021.0,16
129.0,-15.5,2022.0,8
129.0,-15.5,2024.0,18
129.0,-15.0,2021.0,4
129.0,-15.0,2022.0,1
129.0,-15.0,2024.0,1
129.5,-29.5,2020.0,1
129.5,-29.5,2021.0,5
129.5,-28.5,2020.0,2
129.5,-28.5,2024.0,2
129.5,-28.0,2020.0,22
129.5,-28.0,2021.0,8
129.5,-28.0,2022.0,1
129.5,-26.0,2022.0,21
129.5,-26.0,2024.0,1
129.5,-24.5,2022.0,10
129.5,-24.0,2020.0,1
129.5,-24.0,2022.0,15
129.5,-23.5,2021.0,1
129.5,-23.5,2023.0,1
129.5,-23.5,2024.0,1
129.5,-23.0,2021.0,1
129.5,-22.0,2022.0,2
129.5,-21.5,2024.0,13
129.5,-21.0,2021.0,1
129.5,-21.0,2023.0,11
129.5,-21.0,2024.0,4
129.5,-20.5,2021.0,4
129.5,-20.5,2023.0,56
129.5,-20.0,2021.0,2
129.5,-20.0,2022.0,20
129.5,-20.0,2023.0,25
129.5,-20.0,2024.0,5
129.5,-19.5,2021.0,33
129.5,-19.5,2022.0,26
129.5,-19.5,2023.0,8
129.5,-19.5,2024.0,3
129.5,-19.0,2021.0,62
129.5,-19.0,2022.0,1
129.5,-19.0,2023.0,3
129.5,-19.0,2024.0,9
129.5,-18.5,2021.0,16
129.5,-18.5,2023.0,4
129.5,-18.5,2024.0,1
129.5,-18.0,2024.0,6
129.5,-17.5,2023.0,2
129.5,-17.5,2024.0,13
129.5,-17.0,2024.0,5
129.5,-16.5,2020.0,4
129.5,-16.5,2021.0,1
129.5,-16.5,2024.0,7
129.5,-16.0,2021.0,13
129.5,-16.0,2022.0,5
129.5,-16.0,2023.0,5
129.5,-15.5,2021.0,11
129.5,-15.5,2022.0,4
129.5,-15.5,2024.0,1
129.5,-15.0,2021.0,3
129.5,-15.0,2022.0,3
129.5,-14.5,2020.0,9
129.5,-14.5,2021.0,24
129.5,-14.5,2022.0,18
129.5,-14.5,2023.0,9
129.5,-14.5,2024.0,14
129.5,-14.0,2020.0,3
129.5,-14.0,2021.0,5
129.5,-14.0,2022.0,13
129.5,-14.0,2023.0,1
129.5,-14.0,2024.0,4
130.0,-29.5,2021.0,1
130.0,-29.5,2022.0,1
130.0,-29.5,2024.0,1
130.0,-29.0,2020.0,15
130.0,-29.0,2021.0,6
130.0,-28.5,2021.0,2
130.0,-28.0,2020.0,6
130.0,-28.0,2024.0,1
130.0,-25.0,2023.0,3
130.0,-24.5,2020.0,8
130.0,-24.5,2022.0,4
130.0,-24.0,2022.0,160
130.0,-23.5,2021.0,17
130.0,-23.5,2022.0,5
130.0,-23.0,2021.0,1
130.0,-23.0,2022.0,46
130.0,-23.0,2023.0,11
130.0,-22.5,2023.0,1
130.0,-22.0,2022.0,1
130.0,-22.0,2023.0,2
130.0,-21.5,2024.0,3
130.0,-21.0,2024.0,7
130.0,-20.5,2023.0,15
130.0,-20.0,2023.0,27
130.0,-19.5,2022.0,3
130.0,-19.5,2023.0,14
130.0,-19.5,2024.0,4
130.0,-19.0,2021.0,25
130.0,-19.0,2023.0,37
130.0,-19.0,2024.0,32
130.0,-18.5,2021.0,5
130.0,-18.5,2022.0,22
130.0,-18.5,2023.0,24
130.0,-18.5,2024.0,10
130.0,-18.0,2022.0,7
130.0,-18.0,2023.0,24
130.0,-18.0,2024.0,33
130.0,-17.5,2023.0,17
130.0,-17.5,2024.0,17
130.0,-17.0,2021.0,2
130.0,-17.0,2022.0,6
130.0,-17.0,2023.0,21
130.0,-17.0,2024.0,3
130.0,-16.5,2022.0,12
130.0,-16.5,2023.0,24
130.0,-16.5,2024.0,18
130.0,-16.0,2021.0,13
130.0,-16.0,2022.0,4
130.0,-16.0,2023.0,67
130.0,-15.5,2020.0,2
130.0,-15.5,2021.0,3
130.0,-15.5,2022.0,11
130.0,-15.5,2023.0,1
130.0,-15.5,2024.0,1
130.0,-15.0,2020.0,3
130.0,-15.0,2021.0,12
130.0,-15.0,2022.0,17
130.0,-15.0,2023.0,1
130.0,-15.0,2024.0,2
130.0,-14.5,2021.0,13
130.0,-14.5,2022.0,27
130.0,-14.5,2023.0,10
130.0,-14.5,2024.0,15
130.0,-14.0,2020.0,43
130.0,-14.0,2021.0,41
130.0,-14.0,2022.0,35
130.0,-14.0,2023.0,30
130.0,-14.0,2024.0,28
130.0,-13.5,2020.0,20
130.0,-13.5,2021.0,12
130.0,-13.5,2022.0,35
130.0,-13.5,2023.0,23
130.0,-13.5,2024.0,37
130.0,-13.0,2020.0,4
130.0,-13.0,2021.0,1
130.0,-13.0,2022.0,2
130.0,-13.0,2024.0,1
130.0,-12.0,2020.0,3
130.0,-12.0,2022.0,1
130.0,-11.5,2020.0,7
130.0,-11.5,2022.0,4
130.0,-11.5,2023.0,3
130.5,-30.0,2021.0,1
130.5,-27.5,2020.0,1
130.5,-26.5,2022.0,2
130.5,-26.0,2022.0,6
130.5,-25.5,2022.0,11
130.5,-25.0,2022.0,4
130.5,-24.5,2022.0,1
130.5,-24.0,2022.0,37
130.5,-23.5,2021.0,16
130.5,-23.5,2022.0,42
130.5,-23.0,2022.0,5
130.5,-22.5,2022.0,16
130.5,-22.0,2023.0,8
130.5,-21.5,2023.0,1
130.5,-21.0,2024.0,3
130.5,-20.5,2023.0,19
130.5,-20.5,2024.0,16
130.5,-20.0,2023.0,87
130.5,-19.5,2021.0,2
130.5,-19.5,2022.0,1
130.5,-19.5,2023.0,20
130.5,-19.5,2024.0,1
130.5,-19.0,2021.0,6
130.5,-19.0,2022.0,2
130.5,-19.0,2023.0,25
130.5,-19.0,2024.0,16
130.5,-18.5,2021.0,8
130.5,-18.5,2022.0,37
130.5,-18.5,2023.0,18
130.5,-18.5,2024.0,22
130.5,-18.0,2021.0,8
130.5,-18.0,2023.0,32
130.5,-18.0,2024.0,26
130.5,-17.5,2021.0,3
130.5,-17.5,2023.0,47
130.5,-17.5,2024.0,10
130.5,-17.0,2021.0,2
130.5,-17.0,2022.0,1
130.5,-17.0,2023.0,23
130.5,-16.5,2021.0,1
130.5,-16.5,2022.0,9
130.5,-16.5,2023.0,47
130.5,-16.5,2024.0,1
130.5,-16.0,2020.0,2
130.5,-16.0,2022.0,9
130.5,-16.0,2023.0,10
130.5,-16.0,2024.0,2
130.5,-15.5,2021.0,5
130.5,-15.5,2022.0,25
130.5,-15.5,2023.0,2
130.5,-15.0,2021.0,17
130.5,-15.0,2022.0,29
130.5,-15.0,2023.0,12
130.5,-15.0,2024.0,4
130.5,-14.5,2020.0,11
130.5,-14.5,2021.0,44
130.5,-14.5,2022.0,46
130.5,-14.5,2023.0,3
130.5,-14.5,2024.0,4
130.5,-14.0,2021.0,5
130.5,-14.0,2022.0,3
130.5,-14.0,2023.0,8
130.5,-14.0,2024.0,9
130.5,-13.5,2020.0,6
130.5,-13.5,2021.0,27
130.5,-13.5,2022.0,4
130.5,-13.5,2023.0,15
130.5,-13.5,2024.0,24
130.5,-13.0,2020.0,2
130.5,-13.0,2021.0,10
130.5,-13.0,2022.0,5
130.5,-13.0,2023.0,8
130.5,-13.0,2024.0,10
130.5,-12.5,2020.0,4
130.5,-12.5,2021.0,1
130.5,-12.5,2022.0,1
130.5,-12.5,2023.0,4
130.5,-12.5,2024.0,3
130.5,-12.0,2021.0,1
130.5,-11.5,2020.0,21
130.5,-11.5,2021.0,5
130.5,-11.5,2022.0,4
130.5,-11.5,2023.0,18
130.5,-11.5,2024.0,5
131.0,-30.0,2022.0,5
131.0,-27.0,2022.0,3
131.0,-27.0,2023.0,1
131.0,-25.5,2022.0,3
131.0,-25.5,2023.0,1
131.0,-25.0,2021.0,1
131.0,-25.0,2024.0,2
131.0,-24.5,2022.0,9
131.0,-24.0,2022.0,52
131.0,-23.5,2021.0,6
131.0,-23.5,2022.0,23
131.0,-23.0,2022.0,9
131.0,-23.0,2023.0,1
131.0,-22.5,2021.0,10
131.0,-22.5,2023.0,1
131.0,-22.0,2023.0,49
131.0,-21.5,2023.0,16
131.0,-21.5,2024.0,2
131.0,-21.0,2024.0,5
131.0,-20.5,2023.0,96
131.0,-20.5,2024.0,3
131.0,-20.0,2020.0,1
131.0,-20.0,2023.0,7
131.0,-19.5,2023.0,2
131.0,-19.0,2022.0,10
131.0,-19.0,2023.0,16
131.0,-19.0,2024.0,8
131.0,-18.5,2020.0,1
131.0,-18.5,2021.0,4
131.0,-18.5,2022.0,8
131.0,-18.5,2023.0,32
131.0,-18.5,2024.0,2
131.0,-18.0,2021.0,1
131.0,-18.0,2023.0,22
131.0,-18.0,2024.0,34
131.0,-17.5,2023.0,3
131.0,-17.5,2024.0,6
131.0,-17.0,2021.0,11
131.0,-17.0,2022.0,1
131.0,-17.0,2024.0,19
131.0,-16.5,2021.0,8
131.0,-16.5,2023.0,6
131.0,-16.0,2022.0,24
131.0,-16.0,2023.0,2
131.0,-16.0,2024.0,3
131.0,-15.5,2022.0,12
131.0,-15.5,2023.0,7
131.0,-15.5,2024.0,17
131.0,-15.0,2020.0,1
131.0,-15.0,2021.0,2
131.0,-15.0,2022.0,7
131.0,-15.0,2023.0,3
131.0,-15.0,2024.0,5
131.0,-14.5,2020.0,9
131.0,-14.5,2021.0,15
131.0,-14.5,2022.0,10
131.0,-14.5,2023.0,5
131.0,-14.5,2024.0,4
131.0,-14.0,2020.0,6
131.0,-14.0,2021.0,20
131.0,-14.0,2022.0,7
131.0,-14.0,2023.0,20
131.0,-14.0,2024.0,3
131.0,-13.5,2020.0,26
131.0,-13.5,2021.0,11
131.0,-13.5,2022.0,30
131.0,-13.5,2023.0,14
131.0,-13.5,2024.0,17
131.0,-13.0,2020.0,17
131.0,-13.0,2021.0,10
131.0,-13.0,2022.0,21
131.0,-13.0,2023.0,19
131.0,-13.0,2024.0,22
131.0,-12.5,2020.0,9
131.0,-12.5,2021.0,5
131.0,-12.5,2022.0,7
131.0,-12.5,2023.0,7
131.0,-12.5,2024.0,11
131.0,-12.0,2021.0,7
131.0,-12.0,2022.0,1
131.0,-12.0,2023.0,7
131.0,-12.0,2024.0,4
131.0,-11.5,2020.0,8
131.0,-11.5,2021.0,45
131.0,-11.5,2022.0,6
131.0,-11.5,2023.0,53
131.0,-11.5,2024.0,7
131.5,-29.5,2022.0,1
131.5,-28.0,2024.0,6
131.5,-27.0,2020.0,1
131.5,-26.0,2023.0,1
131.5,-25.0,2022.0,25
131.5,-24.5,2022.0,7
131.5,-24.5,2024.0,1
131.5,-24.0,2021.0,2
131.5,-24.0,2022.0,25
131.5,-23.5,2021.0,1
131.5,-23.5,2022.0,27
131.5,-23.5,2023.0,11
131.5,-23.0,2021.0,4
131.5,-23.0,2022.0,25
131.5,-23.0,2023.0,15
131.5,-22.5,2022.0,2
131.5,-22.5,2023.0,28
131.5,-22.0,2022.0,1
131.5,-22.0,2023.0,23
131.5,-22.0,2024.0,2
131.5,-21.5,2022.0,16
131.5,-21.5,2023.0,24
131.5,-21.5,2024.0,11
131.5,-21.0,2022.0,26
131.5,-21.0,2023.0,89
131.5,-21.0,2024.0,3
131.5,-20.5,2023.0,62
131.5,-20.5,2024.0,22
131.5,-20.0,2024.0,1
131.5,-19.5,2021.0,1
131.5,-19.5,2024.0,2
131.5,-19.0,2023.0,55
131.5,-19.0,2024.0,4
131.5,-18.5,2021.0,1
131.5,-18.5,2023.0,6
131.5,-18.5,2024.0,1
131.5,-18.0,2022.0,1
131.5,-18.0,2023.0,22
131.5,-18.0,2024.0,8
131.5,-17.5,2022.0,3
131.5,-17.5,2023.0,11
131.5,-17.5,2024.0,19
131.5,-17.0,2024.0,18
131.5,-16.5,2021.0,2
131.5,-16.5,2024.0,5
131.5,-16.0,2021.0,1
131.5,-16.0,2022.0,6
131.5,-16.0,2024.0,22
131.5,-15.5,2022.0,15
131.5,-15.5,2023.0,10
131.5,-15.5,2024.0,10
131.5,-15.0,2021.0,2
131.5,-15.0,2022.0,22
131.5,-15.0,2023.0,6
131.5,-15.0,2024.0,2
131.5,-14.5,2020.0,16
131.5,-14.5,2021.0,15
131.5,-14.5,2022.0,11
131.5,-14.5,2023.0,3
131.5,-14.5,2024.0,5
131.5,-14.0,2020.0,3
131.5,-14.0,2021.0,16
131.5,-14.0,2022.0,14
131.5,-14.0,2023.0,27
131.5,-14.0,2024.0,10
131.5,-13.5,2020.0,11
131.5,-13.5,2021.0,5
131.5,-13.5,2022.0,5
131.5,-13.5,2023.0,3
131.5,-13.5,2024.0,26
131.5,-13.0,2020.0,5
131.5,-13.0,2021.0,4
131.5,-13.0,2022.0,4
131.5,-13.0,2023.0,8
131.5,-13.0,2024.0,4
131.5,-12.5,2020.0,7
131.5,-12.5,2021.0,4
131.5,-12.5,2022.0,3
131.5,-12.5,2023.0,4
131.5,-11.5,2020.0,3
131.5,-11.5,2021.0,14
131.5,-11.5,2023.0,16
132.0,-31.5,2023.0,1
132.0,-30.5,2024.0,10
132.0,-26.5,2023.0,4
132.0,-25.5,2022.0,5
132.0,-25.0,2022.0,1
132.0,-24.5,2022.0,7
132.0,-24.0,2021.0,13
132.0,-24.0,2022.0,13
132.0,-23.5,2021.0,8
132.0,-23.5,2022.0,15
132.0,-23.5,2023.0,6
132.0,-23.0,2022.0,5
132.0,-23.0,2023.0,29
132.0,-22.5,2021.0,2
132.0,-22.5,2022.0,65
132.0,-22.5,2023.0,3
132.0,-22.0,2022.0,1
132.0,-22.0,2023.0,20
132.0,-21.5,2022.0,15
132.0,-21.5,2023.0,35
132.0,-21.5,2024.0,8
132.0,-21.0,2023.0,84
132.0,-20.5,2023.0,152
132.0,-20.0,2023.0,14
132.0,-20.0,2024.0,9
132.0,-19.5,2023.0,42
132.0,-19.5,2024.0,2
132.0,-19.0,2023.0,100
132.0,-19.0,2024.0,9
132.0,-18.5,2023.0,16
132.0,-18.5,2024.0,8
132.0,-18.0,2023.0,5
132.0,-17.5,2022.0,1
132.0,-17.5,2024.0,2
132.0,-16.5,2021.0,11
132.0,-16.5,2023.0,3
132.0,-16.5,2024.0,1
132.0,-16.0,2021.0,6
132.0,-16.0,2022.0,35
132.0,-16.0,2023.0,7
132.0,-15.5,2020.0,1
132.0,-15.5,2021.0,14
132.0,-15.5,2022.0,13
132.0,-15.5,2023.0,10
132.0,-15.5,2024.0,3
132.0,-15.0,2021.0,12
132.0,-15.0,2022.0,35
132.0,-15.0,2024.0,30
132.0,-14.5,2020.0,16
132.0,-14.5,2021.0,7
132.0,-14.5,2022.0,6
132.0,-14.5,2023.0,1
132.0,-14.5,2024.0,28
132.0,-14.0,2020.0,10
132.0,-14.0,2021.0,14
132.0,-14.0,2022.0,8
132.0,-14.0,2023.0,9
132.0,-14.0,2024.0,17
132.0,-13.5,2020.0,23
132.0,-13.5,2021.0,19
132.0,-13.5,2022.0,12
132.0,-13.5,2023.0,7
132.0,-13.5,2024.0,17
132.0,-13.0,2020.0,18
132.0,-13.0,2021.0,5
132.0,-13.0,2022.0,13
132.0,-13.0,2023.0,6
132.0,-13.0,2024.0,12
132.0,-12.5,2020.0,1
132.0,-12.5,2022.0,6
132.0,-12.5,2023.0,8
132.0,-12.5,2024.0,13
132.0,-12.0,2022.0,1
132.0,-11.5,2020.0,5
132.0,-11.5,2021.0,1
132.0,-11.5,2022.0,2
132.0,-11.5,2023.0,5
132.0,-11.0,2023.0,1
132.0,-11.0,2024.0,1
132.5,-31.0,2020.0,12
132.5,-26.5,2023.0,4
132.5,-26.0,2023.0,5
132.5,-25.5,2023.0,15
132.5,-24.5,2022.0,5
132.5,-24.0,2021.0,1
132.5,-24.0,2022.0,26
132.5,-24.0,2023.0,1
132.5,-23.5,2022.0,2
132.5,-23.5,2023.0,15
132.5,-23.0,2022.0,3
132.5,-23.0,2023.0,4
132.5,-22.5,2021.0,7
132.5,-22.5,2022.0,12
132.5,-22.5,2023.0,42
132.5,-22.0,2022.0,6
132.5,-22.0,2023.0,13
132.5,-22.0,2024.0,14
132.5,-21.5,2022.0,12
132.5,-21.5,2023.0,9
132.5,-21.5,2024.0,55
132.5,-21.0,2022.0,8
132.5,-21.0,2023.0,139
132.5,-21.0,2024.0,19
132.5,-20.5,2023.0,163
132.5,-20.0,2023.0,43
132.5,-19.5,2023.0,86
132.5,-19.0,2023.0,118
132.5,-19.0,2024.0,3
132.5,-18.5,2024.0,28
132.5,-18.0,2023.0,3
132.5,-18.0,2024.0,38
132.5,-17.5,2021.0,4
132.5,-17.5,2022.0,16
132.5,-17.5,2024.0,17
132.5,-17.0,2021.0,2
132.5,-17.0,2024.0,15
132.5,-16.5,2021.0,5
132.5,-16.5,2022.0,2
132.5,-16.5,2024.0,1
132.5,-16.0,2021.0,3
132.5,-16.0,2022.0,2
132.5,-16.0,2024.0,4
132.5,-15.0,2021.0,2
132.5,-15.0,2022.0,27
132.5,-15.0,2023.0,15
132.5,-15.0,2024.0,27
132.5,-14.5,2020.0,1
132.5,-14.5,2021.0,9
132.5,-14.5,2022.0,4
132.5,-14.5,2023.0,3
132.5,-14.5,2024.0,6
132.5,-14.0,2020.0,9
132.5,-14.0,2021.0,2
132.5,-14.0,2022.0,18
132.5,-14.0,2023.0,4
132.5,-14.0,2024.0,4
132.5,-13.5,2020.0,4
132.5,-13.5,2021.0,3
132.5,-13.5,2022.0,3
132.5,-13.5,2023.0,3
132.5,-13.5,2024.0,4
132.5,-13.0,2020.0,5
132.5,-13.0,2021.0,7
132.5,-13.0,2022.0,7
132.5,-13.0,2023.0,6
132.5,-13.0,2024.0,19
132.5,-12.5,2020.0,3
132.5,-12.5,2021.0,6
132.5,-12.5,2022.0,7
132.5,-12.5,2023.0,21
132.5,-12.5,2024.0,5
132.5,-12.0,2020.0,3
132.5,-12.0,2021.0,1
132.5,-12.0,2022.0,6
132.5,-11.5,2020.0,2
132.5,-11.5,2021.0,2
132.5,-11.5,2023.0,4
132.5,-11.5,2024.0,6
132.5,-11.0,2020.0,7
133.0,-31.5,2020.0,12
133.0,-31.0,2020.0,6
133.0,-25.0,2022.0,7
133.0,-24.0,2023.0,29
133.0,-23.5,2022.0,3
133.0,-23.5,2023.0,35
133.0,-23.0,2022.0,3
133.0,-23.0,2023.0,124
133.0,-22.5,2022.0,25
133.0,-22.5,2024.0,7
133.0,-22.0,2022.0,2
133.0,-22.0,2023.0,6
133.0,-22.0,2024.0,6
133.0,-21.5,2022.0,6
133.0,-21.5,2023.0,28
133.0,-21.5,2024.0,15
133.0,-21.0,2024.0,10
133.0,-20.5,2023.0,11
133.0,-20.0,2023.0,13
133.0,-19.5,2023.0,136
133.0,-19.0,2023.0,38
133.0,-18.5,2024.0,19
133.0,-18.0,2024.0,24
133.0,-17.5,2021.0,11
133.0,-17.5,2024.0,3
133.0,-17.0,2024.0,44
133.0,-16.5,2020.0,6
133.0,-16.0,2024.0,7
133.0,-15.5,2021.0,5
133.0,-15.5,2022.0,17
133.0,-15.0,2020.0,1
133.0,-15.0,2021.0,2
133.0,-15.0,2022.0,17
133.0,-15.0,2023.0,4
133.0,-15.0,2024.0,4
133.0,-14.5,2021.0,4
133.0,-14.5,2022.0,13
133.0,-14.5,2023.0,4
133.0,-14.5,2024.0,9
133.0,-14.0,2020.0,4
133.0,-14.0,2021.0,3
133.0,-14.0,2022.0,5
133.0,-14.0,2023.0,8
133.0,-14.0,2024.0,1
133.0,-13.5,2020.0,3
133.0,-13.5,2022.0,2
133.0,-13.5,2023.0,3
133.0,-13.5,2024.0,21
133.0,-13.0,2020.0,1
133.0,-13.0,2022.0,2
133.0,-13.0,2023.0,1
133.0,-12.5,2020.0,4
133.0,-12.5,2021.0,2
133.0,-12.5,2022.0,12
133.0,-12.5,2023.0,3
133.0,-12.5,2024.0,4
133.0,-12.0,2020.0,21
133.0,-12.0,2021.0,43
133.0,-12.0,2022.0,9
133.0,-12.0,2023.0,17
133.0,-12.0,2024.0,9
133.0,-11.5,2020.0,1
133.0,-11.5,2021.0,2
133.0,-11.5,2022.0,1
133.0,-11.5,2023.0,5
133.0,-11.5,2024.0,4
133.5,-24.0,2022.0,1
133.5,-24.0,2023.0,15
133.5,-24.0,2024.0,1
133.5,-23.5,2022.0,1
133.5,-23.5,2023.0,4
133.5,-23.0,2022.0,9
133.5,-23.0,2023.0,55
133.5,-22.5,2021.0,3
133.5,-22.0,2021.0,5
133.5,-22.0,2022.0,2
133.5,-22.0,2024.0,3
133.5,-21.5,2023.0,13
133.5,-20.5,2023.0,43
133.5,-20.5,2024.0,6
133.5,-20.0,2021.0,1
133.5,-20.0,2023.0,55
133.5,-19.5,2021.0,4
133.5,-19.5,2023.0,130
133.5,-19.5,2024.0,16
133.5,-19.0,2022.0,1
133.5,-19.0,2023.0,12
133.5,-19.0,2024.0,20
133.5,-18.5,2023.0,5
133.5,-18.5,2024.0,30
133.5,-18.0,2024.0,31
133.5,-17.5,2021.0,2
133.5,-17.5,2024.0,21
133.5,-17.0,2024.0,1
133.5,-16.5,2020.0,3
133.5,-16.5,2021.0,9
133.5,-16.5,2024.0,5
133.5,-16.0,2024.0,23
133.5,-15.5,2020.0,1
133.5,-15.5,2021.0,6
133.5,-15.5,2023.0,1
133.5,-15.5,2024.0,1
133.5,-15.0,2021.0,15
133.5,-15.0,2022.0,11
133.5,-15.0,2023.0,6
133.5,-14.5,2021.0,3
133.5,-14.5,2024.0,33
133.5,-14.0,2021.0,7
133.5,-14.0,2022.0,1
133.5,-14.0,2023.0,17
133.5,-14.0,2024.0,1
133.5,-13.5,2020.0,4
133.5,-13.5,2021.0,1
133.5,-13.5,2022.0,1
133.5,-13.5,2023.0,1
133.5,-13.5,2024.0,18
133.5,-13.0,2020.0,7
133.5,-13.0,2023.0,2
133.5,-13.0,2024.0,2
133.5,-12.5,2020.0,3
133.5,-12.5,2021.0,3
133.5,-12.5,2022.0,5
133.5,-12.5,2023.0,4
133.5,-12.5,2024.0,7
133.5,-12.0,2020.0,19
133.5,-12.0,2021.0,18
133.5,-12.0,2022.0,5
133.5,-12.0,2023.0,20
133.5,-12.0,2024.0,10
133.5,-11.5,2023.0,1
134.0,-32.5,2022.0,2
134.0,-32.0,2023.0,5
134.0,-31.5,2022.0,2
134.0,-25.5,2024.0,7
134.0,-24.0,2023.0,1
134.0,-23.5,2022.0,1
134.0,-23.5,2023.0,8
134.0,-23.0,2022.0,51
134.0,-23.0,2023.0,2
134.0,-22.5,2021.0,4
134.0,-22.0,2024.0,3
134.0,-21.5,2021.0,1
134.0,-21.5,2024.0,18
134.0,-21.0,2023.0,38
134.0,-21.0,2024.0,24
134.0,-20.5,2023.0,17
134.0,-20.5,2024.0,86
134.0,-20.0,2024.0,113
134.0,-19.5,2023.0,1
134.0,-19.5,2024.0,5
134.0,-19.0,2023.0,56
134.0,-19.0,2024.0,30
134.0,-18.5,2023.0,2
134.0,-18.5,2024.0,42
134.0,-18.0,2024.0,10
134.0,-17.5,2024.0,46
134.0,-17.0,2024.0,4
134.0,-16.5,2021.0,3
134.0,-16.5,2023.0,4
134.0,-16.5,2024.0,15
134.0,-16.0,2021.0,14
134.0,-16.0,2023.0,10
134.0,-16.0,2024.0,10
134.0,-15.5,2021.0,22
134.0,-15.5,2023.0,19
134.0,-15.5,2024.0,13
134.0,-15.0,2020.0,1
134.0,-15.0,2021.0,14
134.0,-15.0,2022.0,11
134.0,-15.0,2023.0,25
134.0,-15.0,2024.0,7
134.0,-14.5,2021.0,2
134.0,-14.5,2024.0,13
134.0,-14.0,2020.0,1
134.0,-14.0,2021.0,3
134.0,-14.0,2022.0,4
134.0,-14.0,2024.0,12
134.0,-13.5,2020.0,1
134.0,-13.5,2022.0,5
134.0,-13.5,2023.0,3
134.0,-13.5,2024.0,5
134.0,-13.0,2020.0,3
134.0,-13.0,2022.0,2
134.0,-13.0,2023.0,21
134.0,-13.0,2024.0,1
134.0,-12.5,2020.0,2
134.0,-12.5,2021.0,2
134.0,-12.5,2022.0,6
134.0,-12.5,2023.0,3
134.0,-12.5,2024.0,4
134.0,-12.0,2020.0,10
134.0,-12.0,2021.0,1
134.0,-12.0,2022.0,8
134.0,-12.0,2023.0,8
134.0,-12.0,2024.0,5
134.5,-33.0,2024.0,2
134.5,-24.0,2023.0,4
134.5,-23.5,2022.0,1
134.5,-23.5,2023.0,7
134.5,-23.5,2024.0,3
134.5,-23.0,2021.0,32
134.5,-23.0,2022.0,9
134.5,-23.0,2024.0,2
134.5,-22.5,2022.0,2
134.5,-22.0,2023.0,5
134.5,-22.0,2024.0,5
134.5,-21.5,2022.0,2
134.5,-21.5,2023.0,8
134.5,-21.5,2024.0,29
134.5,-21.0,2023.0,6
134.5,-21.0,2024.0,59
134.5,-20.5,2020.0,3
134.5,-20.5,2024.0,124
134.5,-20.0,2023.0,90
134.5,-20.0,2024.0,6
134.5,-19.5,2023.0,5
134.5,-19.5,2024.0,43
134.5,-19.0,2023.0,4
134.5,-19.0,2024.0,23
134.5,-18.5,2024.0,4
134.5,-18.0,2024.0,10
134.5,-17.5,2024.0,18
134.5,-17.0,2023.0,3
134.5,-17.0,2024.0,7
134.5,-16.5,2021.0,3
134.5,-16.5,2024.0,14
134.5,-16.0,2021.0,8
134.5,-16.0,2022.0,3
134.5,-16.0,2023.0,56
134.5,-16.0,2024.0,1
134.5,-15.5,2021.0,25
134.5,-15.5,2023.0,51
134.5,-15.5,2024.0,21
134.5,-15.0,2021.0,31
134.5,-15.0,2022.0,7
134.5,-15.0,2023.0,8
134.5,-15.0,2024.0,31
134.5,-14.5,2020.0,2
134.5,-14.5,2021.0,4
134.5,-14.5,2023.0,2
134.5,-14.5,2024.0,5
134.5,-14.0,2022.0,3
134.5,-14.0,2023.0,1
134.5,-14.0,2024.0,1
134.5,-13.5,2020.0,5
134.5,-13.5,2022.0,6
134.5,-13.5,2023.0,13
134.5,-13.5,2024.0,2
134.5,-13.0,2021.0,1
134.5,-13.0,2022.0,3
134.5,-13.0,2023.0,31
134.5,-13.0,2024.0,2
134.5,-12.5,2020.0,6
134.5,-12.5,2021.0,3
134.5,-12.5,2022.0,11
134.5,-12.5,2023.0,19
134.5,-12.5,2024.0,3
134.5,-12.0,2020.0,1
134.5,-12.0,2021.0,7
134.5,-12.0,2022.0,12
134.5,-12.0,2023.0,9
135.0,-33.5,2022.0,2
135.0,-33.0,2024.0,1
135.0,-23.5,2023.0,11
135.0,-23.0,2021.0,1
135.0,-23.0,2022.0,3
135.0,-22.0,2023.0,14
135.0,-21.0,2024.0,40
135.0,-20.5,2023.0,1
135.0,-20.5,2024.0,57
135.0,-20.0,2023.0,96
135.0,-20.0,2024.0,2
135.0,-19.5,2023.0,54
135.0,-19.5,2024.0,5
135.0,-19.0,2023.0,3
135.0,-19.0,2024.0,11
135.0,-18.0,2024.0,49
135.0,-17.5,2021.0,2
135.0,-17.5,2022.0,1
135.0,-17.5,2024.0,24
135.0,-17.0,2024.0,10
135.0,-16.5,2023.0,18
135.0,-16.5,2024.0,41
135.0,-16.0,2021.0,21
135.0,-16.0,2022.0,20
135.0,-16.0,2023.0,18
135.0,-16.0,2024.0,8
135.0,-15.5,2021.0,16
135.0,-15.5,2022.0,10
135.0,-15.5,2023.0,1
135.0,-15.5,2024.0,11
135.0,-15.0,2021.0,28
135.0,-15.0,2022.0,3
135.0,-15.0,2023.0,2
135.0,-15.0,2024.0,13
135.0,-14.5,2021.0,6
135.0,-14.5,2022.0,3
135.0,-14.5,2023.0,3
135.0,-14.5,2024.0,4
135.0,-14.0,2020.0,6
135.0,-14.0,2021.0,5
135.0,-14.0,2022.0,3
135.0,-14.0,2023.0,7
135.0,-14.0,2024.0,2
135.0,-13.5,2020.0,1
135.0,-13.5,2022.0,3
135.0,-13.5,2024.0,4
135.0,-13.0,2020.0,2
135.0,-13.0,2022.0,8
135.0,-13.0,2023.0,10
135.0,-13.0,2024.0,7
135.0,-12.5,2020.0,9
135.0,-12.5,2021.0,4
135.0,-12.5,2022.0,8
135.0,-12.5,2023.0,1
135.0,-12.5,2024.0,2
135.0,-12.0,2022.0,1
135.5,-34.5,2023.0,3
135.5,-34.0,2023.0,1
135.5,-33.5,2021.0,1
135.5,-33.0,2024.0,2
135.5,-24.5,2021.0,1
135.5,-23.5,2022.0,1
135.5,-23.5,2024.0,3
135.5,-23.0,2024.0,1
135.5,-21.5,2024.0,9
135.5,-21.0,2023.0,18
135.5,-21.0,2024.0,59
135.5,-20.5,2023.0,26
135.5,-20.5,2024.0,8
135.5,-20.0,2023.0,41
135.5,-19.5,2023.0,40
135.5,-19.5,2024.0,46
135.5,-19.0,2024.0,14
135.5,-18.5,2023.0,6
135.5,-18.5,2024.0,5
135.5,-17.5,2021.0,3
135.5,-17.5,2024.0,36
135.5,-17.0,2021.0,4
135.5,-17.0,2022.0,3
135.5,-17.0,2024.0,5
135.5,-16.5,2020.0,2
135.5,-16.5,2021.0,9
135.5,-16.5,2022.0,1
135.5,-16.5,2023.0,11
135.5,-16.5,2024.0,76
135.5,-16.0,2021.0,2
135.5,-16.0,2022.0,15
135.5,-16.0,2023.0,9
135.5,-16.0,2024.0,8
135.5,-15.5,2020.0,6
135.5,-15.5,2021.0,5
135.5,-15.5,2022.0,7
135.5,-15.5,2023.0,1
135.5,-15.5,2024.0,24
135.5,-15.0,2020.0,1
135.5,-15.0,2021.0,23
135.5,-15.0,2022.0,1
135.5,-15.0,2024.0,7
135.5,-14.5,2021.0,7
135.5,-14.5,2022.0,5
135.5,-14.0,2020.0,19
135.5,-14.0,2021.0,4
135.5,-14.0,2022.0,10
135.5,-14.0,2024.0,2
135.5,-13.5,2020.0,11
135.5,-13.5,2021.0,13
135.5,-13.5,2022.0,1
135.5,-13.5,2023.0,1
135.5,-13.5,2024.0,7
135.5,-13.0,2020.0,5
135.5,-13.0,2021.0,1
135.5,-13.0,2022.0,2
135.5,-13.0,2023.0,2
135.5,-13.0,2024.0,5
135.5,-12.5,2020.0,13
135.5,-12.5,2021.0,10
135.5,-12.5,2022.0,3
135.5,-12.5,2023.0,22
135.5,-12.5,2024.0,11
135.5,-12.0,2020.0,5
135.5,-12.0,2022.0,3
135.5,-12.0,2024.0,1
136.0,-35.0,2022.0,1
136.0,-35.0,2024.0,13
136.0,-34.5,2021.0,1
136.0,-34.0,2021.0,2
136.0,-34.0,2023.0,2
136.0,-33.0,2024.0,3
136.0,-32.0,2020.0,1
136.0,-21.5,2023.0,1
136.0,-21.5,2024.0,71
136.0,-21.0,2023.0,82
136.0,-21.0,2024.0,142
136.0,-20.5,2023.0,69
136.0,-20.5,2024.0,20
136.0,-20.0,2023.0,85
136.0,-20.0,2024.0,1
136.0,-19.5,2024.0,5
136.0,-18.0,2021.0,1
136.0,-18.0,2024.0,9
136.0,-17.5,2021.0,2
136.0,-17.5,2023.0,13
136.0,-17.0,2020.0,6
136.0,-17.0,2021.0,9
136.0,-17.0,2023.0,17
136.0,-17.0,2024.0,25
136.0,-16.5,2020.0,12
136.0,-16.5,2021.0,7
136.0,-16.5,2022.0,14
136.0,-16.5,2023.0,16
136.0,-16.5,2024.0,30
136.0,-16.0,2020.0,4
136.0,-16.0,2021.0,6
136.0,-16.0,2022.0,7
136.0,-16.0,2023.0,63
136.0,-16.0,2024.0,14
136.0,-15.5,2020.0,2
136.0,-15.5,2021.0,59
136.0,-15.5,2022.0,13
136.0,-15.5,2023.0,9
136.0,-15.5,2024.0,14
136.0,-15.0,2022.0,1
136.0,-14.0,2020.0,4
136.0,-14.0,2022.0,4
136.0,-14.0,2023.0,3
136.0,-14.0,2024.0,8
136.0,-13.5,2021.0,2
136.0,-13.0,2020.0,4
136.0,-13.0,2021.0,12
136.0,-13.0,2022.0,7
136.0,-13.0,2023.0,9
136.0,-13.0,2024.0,9
136.0,-12.5,2020.0,8
136.0,-12.5,2021.0,3
136.0,-12.5,2022.0,10
136.0,-12.5,2023.0,4
136.0,-12.5,2024.0,3
136.0,-12.0,2023.0,1
136.5,-36.0,2020.0,142
136.5,-35.5,2020.0,10
136.5,-33.0,2022.0,1
136.5,-21.5,2023.0,6
136.5,-21.0,2021.0,2
136.5,-21.0,2023.0,57
136.5,-21.0,2024.0,4
136.5,-20.5,2021.0,10
136.5,-20.5,2023.0,134
136.5,-20.5,2024.0,1
136.5,-20.0,2023.0,173
136.5,-19.5,2024.0,1
136.5,-18.5,2023.0,91
136.5,-18.0,2023.0,17
136.5,-18.0,2024.0,2
136.5,-17.5,2021.0,4
136.5,-17.5,2022.0,40
136.5,-17.5,2023.0,42
136.5,-17.5,2024.0,9
136.5,-17.0,2021.0,12
136.5,-17.0,2022.0,11
136.5,-17.0,2023.0,7
136.5,-17.0,2024.0,32
136.5,-16.5,2020.0,2
136.5,-16.5,2021.0,41
136.5,-16.5,2022.0,2
136.5,-16.5,2023.0,19
136.5,-16.5,2024.0,16
136.5,-16.0,2021.0,17
136.5,-16.0,2022.0,7
136.5,-16.0,2023.0,12
136.5,-16.0,2024.0,12
136.5,-15.5,2020.0,2
136.5,-15.5,2021.0,1
136.5,-15.5,2022.0,1
136.5,-14.5,2024.0,1
136.5,-14.0,2020.0,1
136.5,-14.0,2021.0,3
136.5,-14.0,2022.0,13
136.5,-14.0,2023.0,1
136.5,-14.0,2024.0,18
136.5,-13.0,2020.0,5
136.5,-13.0,2021.0,4
136.5,-12.5,2020.0,7
136.5,-12.5,2021.0,2
136.5,-12.5,2023.0,2
136.5,-12.5,2024.0,3
136.5,-12.0,2021.0,1
136.5,-12.0,2022.0,1
136.5,-12.0,2023.0,1
136.5,-12.0,2024.0,1
137.0,-36.0,2020.0,72
137.0,-36.0,2021.0,1
137.0,-36.0,2022.0,4
137.0,-36.0,2023.0,15
137.0,-36.0,2024.0,2
137.0,-35.5,2020.0,8
137.0,-35.5,2022.0,4
137.0,-35.5,2023.0,1
137.0,-35.0,2024.0,1
137.0,-33.5,2024.0,1
137.0,-32.5,2021.0,6
137.0,-32.5,2024.0,1
137.0,-22.0,2024.0,2
137.0,-21.5,2023.0,1
137.0,-21.0,2024.0,14
137.0,-20.5,2021.0,27
137.0,-20.5,2023.0,3
137.0,-20.0,2023.0,29
137.0,-19.0,2024.0,1
137.0,-18.5,2023.0,118
137.0,-18.5,2024.0,24
137.0,-18.0,2022.0,11
137.0,-18.0,2023.0,47
137.0,-18.0,2024.0,13
137.0,-17.5,2021.0,11
137.0,-17.5,2022.0,15
137.0,-17.5,2024.0,4
137.0,-17.0,2020.0,5
137.0,-17.0,2021.0,9
137.0,-17.0,2022.0,31
137.0,-17.0,2023.0,3
137.0,-17.0,2024.0,8
137.0,-16.5,2020.0,21
137.0,-16.5,2021.0,25
137.0,-16.5,2022.0,17
137.0,-16.5,2023.0,11
137.0,-16.5,2024.0,13
137.0,-16.0,2020.0,24
137.0,-16.0,2021.0,4
137.0,-16.0,2022.0,4
137.0,-16.0,2023.0,8
137.0,-15.5,2024.0,2
137.0,-14.5,2024.0,3
137.0,-14.0,2020.0,1
137.0,-14.0,2024.0,7
137.0,-12.5,2022.0,1
137.5,-36.0,2020.0,6
137.5,-36.0,2022.0,1
137.5,-36.0,2024.0,4
137.5,-35.5,2020.0,3
137.5,-32.5,2021.0,6
137.5,-21.0,2022.0,2
137.5,-21.0,2023.0,3
137.5,-21.0,2024.0,12
137.5,-20.0,2024.0,2
137.5,-19.0,2023.0,13
137.5,-19.0,2024.0,7
137.5,-18.5,2022.0,2
137.5,-18.5,2023.0,64
137.5,-18.5,2024.0,4
137.5,-18.0,2022.0,35
137.5,-18.0,2023.0,8
137.5,-18.0,2024.0,18
137.5,-17.5,2020.0,1
137.5,-17.5,2021.0,1
137.5,-17.5,2022.0,12
137.5,-17.5,2023.0,23
137.5,-17.0,2020.0,1
137.5,-17.0,2022.0,34
137.5,-17.0,2023.0,3
137.5,-17.0,2024.0,19
137.5,-16.5,2020.0,18
137.5,-16.5,2021.0,34
137.5,-16.5,2022.0,38
137.5,-16.5,2023.0,1
137.5,-16.5,2024.0,4
137.5,-16.0,2020.0,51
138.0,-34.5,2021.0,2
138.0,-34.5,2024.0,1
138.0,-34.0,2023.0,2
138.0,-20.0,2024.0,12
138.0,-19.0,2023.0,8
138.0,-19.0,2024.0,12
138.0,-18.5,2023.0,57
138.0,-18.5,2024.0,26
138.0,-18.0,2021.0,1
138.0,-18.0,2022.0,12
138.0,-18.0,2023.0,29
138.0,-18.0,2024.0,11
138.0,-17.5,2021.0,9
138.0,-17.5,2023.0,13
138.0,-17.5,2024.0,3
138.0,-17.0,2020.0,16
138.0,-17.0,2021.0,5
138.0,-17.0,2022.0,14
138.0,-17.0,2024.0,31
138.0,-16.5,2020.0,6
138.0,-16.5,2022.0,22
138.5,-35.5,2020.0,1
138.5,-35.5,2021.0,2
138.5,-35.5,2023.0,1
138.5,-34.5,2023.0,1
138.5,-34.0,2021.0,3
138.5,-34.0,2024.0,1
138.5,-33.5,2020.0,2
138.5,-33.5,2024.0,3
138.5,-21.5,2024.0,1
138.5,-21.0,2024.0,2
138.5,-20.5,2022.0,3
138.5,-20.5,2024.0,26
138.5,-20.0,2022.0,1
138.5,-20.0,2023.0,8
138.5,-20.0,2024.0,32
138.5,-19.5,2020.0,3
138.5,-19.5,2022.0,13
138.5,-19.5,2024.0,17
138.5,-19.0,2022.0,4
138.5,-19.0,2024.0,11
138.5,-18.5,2024.0,49
138.5,-18.0,2021.0,2
138.5,-18.0,2023.0,15
138.5,-18.0,2024.0,3
138.5,-17.5,2020.0,5
138.5,-17.5,2021.0,19
138.5,-17.5,2022.0,3
138.5,-17.5,2023.0,8
138.5,-17.5,2024.0,17
138.5,-17.0,2020.0,9
138.5,-17.0,2021.0,13
138.5,-17.0,2022.0,25
138.5,-17.0,2023.0,3
138.5,-16.5,2020.0,5
139.0,-35.5,2021.0,2
139.0,-35.5,2024.0,6
139.0,-34.0,2021.0,1
139.0,-34.0,2023.0,2
139.0,-34.0,2024.0,2
139.0,-33.5,2023.0,5
139.0,-26.5,2024.0,1
139.0,-21.0,2024.0,7
139.0,-20.5,2022.0,4
139.0,-20.5,2023.0,2
139.0,-20.5,2024.0,48
139.0,-20.0,2024.0,26
139.0,-19.5,2020.0,1
139.0,-19.5,2021.0,2
139.0,-19.5,2022.0,2
139.0,-19.5,2024.0,4
139.0,-19.0,2021.0,8
139.0,-19.0,2023.0,1
139.0,-19.0,2024.0,43
139.0,-18.5,2024.0,110
139.0,-18.0,2023.0,6
139.0,-18.0,2024.0,12
139.0,-17.5,2021.0,2
139.0,-17.5,2022.0,4
139.0,-17.5,2023.0,4
139.0,-17.5,2024.0,1
139.0,-17.0,2021.0,4
139.0,-17.0,2022.0,5
139.0,-17.0,2023.0,1
139.0,-17.0,2024.0,2
139.0,-16.5,2020.0,1
139.5,-35.5,2020.0,1
139.5,-34.5,2024.0,1
139.5,-26.5,2024.0,10
139.5,-25.0,2024.0,1
139.5,-22.0,2021.0,3
139.5,-22.0,2022.0,1
139.5,-22.0,2024.0,3
139.5,-21.5,2022.0,3
139.5,-21.5,2024.0,7
139.5,-21.0,2024.0,55
139.5,-20.5,2020.0,5
139.5,-20.5,2021.0,3
139.5,-20.5,2022.0,5
139.5,-20.5,2024.0,29
139.5,-20.0,2020.0,1
139.5,-20.0,2024.0,20
139.5,-19.5,2021.0,2
139.5,-19.5,2024.0,20
139.5,-19.0,2021.0,4
139.5,-19.0,2023.0,2
139.5,-19.0,2024.0,9
139.5,-18.5,2023.0,2
139.5,-17.0,2020.0,3
139.5,-16.5,2020.0,1
139.5,-16.5,2023.0,1
140.0,-37.5,2022.0,1
140.0,-37.0,2020.0,1
140.0,-37.0,2021.0,7
140.0,-37.0,2024.0,1
140.0,-36.5,2020.0,10
140.0,-36.0,2020.0,5
140.0,-35.5,2020.0,9
140.0,-35.5,2024.0,2
140.0,-35.0,2020.0,1
140.0,-35.0,2021.0,1
140.0,-25.5,2024.0,6
140.0,-22.0,2020.0,1
140.0,-22.0,2022.0,2
140.0,-22.0,2024.0,9
140.0,-21.5,2024.0,10
140.0,-21.0,2021.0,3
140.0,-21.0,2024.0,37
140.0,-20.5,2021.0,19
140.0,-20.5,2023.0,4
140.0,-20.5,2024.0,4
140.0,-20.0,2021.0,15
140.0,-20.0,2022.0,2
140.0,-20.0,2024.0,26
140.0,-19.5,2021.0,1
140.0,-19.5,2024.0,1
140.0,-19.0,2024.0,1
140.0,-18.0,2022.0,3
140.0,-18.0,2023.0,1
140.5,-37.5,2020.0,2
140.5,-37.5,2021.0,1
140.5,-37.0,2020.0,1
140.5,-37.0,2021.0,2
140.5,-37.0,2022.0,16
140.5,-37.0,2023.0,1
140.5,-37.0,2024.0,1
140.5,-36.5,2024.0,2
140.5,-36.0,2022.0,1
140.5,-36.0,2024.0,1
140.5,-34.0,2021.0,1
140.5,-28.0,2021.0,5
140.5,-25.5,2024.0,1
140.5,-23.0,2021.0,2
140.5,-22.0,2021.0,4
140.5,-22.0,2024.0,11
140.5,-21.5,2020.0,7
140.5,-21.5,2023.0,25
140.5,-21.5,2024.0,31
140.5,-21.0,2020.0,6
140.5,-21.0,2021.0,4
140.5,-21.0,2022.0,1
140.5,-21.0,2023.0,1
140.5,-21.0,2024.0,113
140.5,-19.5,2021.0,1
140.5,-19.0,2023.0,23
140.5,-19.0,2024.0,14
140.5,-18.5,2022.0,1
140.5,-18.5,2024.0,1
140.5,-18.0,2021.0,1
141.0,-38.0,2022.0,1
141.0,-37.5,2020.0,2
141.0,-37.5,2021.0,2
141.0,-37.5,2024.0,1
141.0,-37.0,2020.0,1
141.0,-37.0,2021.0,29
141.0,-37.0,2022.0,3
141.0,-37.0,2023.0,1
141.0,-36.5,2020.0,1
141.0,-36.5,2021.0,11
141.0,-36.5,2022.0,3
141.0,-36.5,2024.0,3
141.0,-36.0,2021.0,3
141.0,-36.0,2024.0,4
141.0,-35.5,2021.0,22
141.0,-35.0,2023.0,2
141.0,-21.5,2020.0,1
141.0,-21.5,2021.0,1
141.0,-21.5,2022.0,3
141.0,-21.5,2024.0,62
141.0,-21.0,2024.0,40
141.0,-20.5,2024.0,4
141.0,-19.0,2024.0,5
141.0,-18.0,2020.0,4
141.0,-17.5,2021.0,1
141.5,-38.0,2022.0,1
141.5,-38.0,2024.0,1
141.5,-37.5,2021.0,1
141.5,-37.5,2022.0,3
141.5,-37.5,2023.0,1
141.5,-37.0,2021.0,1
141.5,-37.0,2023.0,2
141.5,-37.0,2024.0,3
141.5,-36.5,2020.0,6
141.5,-36.5,2021.0,14
141.5,-36.5,2022.0,6
141.5,-36.5,2023.0,9
141.5,-36.5,2024.0,8
141.5,-36.0,2020.0,3
141.5,-35.5,2023.0,6
141.5,-27.5,2024.0,11
141.5,-19.5,2024.0,1
141.5,-19.0,2024.0,3
141.5,-17.0,2020.0,9
141.5,-17.0,2021.0,2
141.5,-17.0,2022.0,2
141.5,-16.5,2023.0,1
141.5,-16.5,2024.0,5
141.5,-16.0,2021.0,3
141.5,-16.0,2022.0,2
141.5,-16.0,2024.0,1
141.5,-15.5,2021.0,2
141.5,-15.5,2022.0,6
141.5,-15.5,2023.0,1
141.5,-15.0,2021.0,1
141.5,-15.0,2022.0,3
141.5,-15.0,2023.0,1
141.5,-14.0,2022.0,6
141.5,-13.5,2020.0,1
141.5,-13.5,2022.0,2
141.5,-13.5,2024.0,1
141.5,-13.0,2020.0,2
141.5,-13.0,2022.0,9
141.5,-13.0,2023.0,4
141.5,-13.0,2024.0,1
141.5,-12.5,2021.0,1
141.5,-12.5,2022.0,3
141.5,-12.5,2023.0,1
142.0,-38.0,2020.0,6
142.0,-38.0,2021.0,2
142.0,-38.0,2022.0,1
142.0,-38.0,2024.0,2
142.0,-37.5,2020.0,1
142.0,-37.5,2021.0,1
142.0,-37.5,2022.0,6
142.0,-37.5,2023.0,1
142.0,-37.5,2024.0,6
142.0,-37.0,2021.0,7
142.0,-37.0,2022.0,6
142.0,-37.0,2023.0,1
142.0,-37.0,2024.0,8
142.0,-36.5,2020.0,3
142.0,-36.5,2021.0,2
142.0,-36.5,2022.0,2
142.0,-36.5,2023.0,2
142.0,-36.5,2024.0,5
142.0,-36.0,2020.0,1
142.0,-36.0,2021.0,3
142.0,-36.0,2024.0,1
142.0,-35.5,2022.0,1
142.0,-35.5,2024.0,1
142.0,-35.0,2023.0,2
142.0,-34.5,2020.0,3
142.0,-34.0,2020.0,1
142.0,-34.0,2024.0,1
142.0,-27.5,2020.0,3
142.0,-27.5,2024.0,3
142.0,-21.5,2021.0,1
142.0,-20.0,2024.0,9
142.0,-19.5,2022.0,1
142.0,-19.5,2024.0,2
142.0,-19.0,2021.0,39
142.0,-19.0,2022.0,4
142.0,-19.0,2023.0,1
142.0,-19.0,2024.0,10
142.0,-18.5,2020.0,4
142.0,-18.5,2021.0,4
142.0,-18.5,2023.0,1
142.0,-18.5,2024.0,8
142.0,-18.0,2020.0,3
142.0,-17.5,2020.0,11
142.0,-17.0,2021.0,2
142.0,-17.0,2024.0,18
142.0,-16.5,2021.0,4
142.0,-16.5,2022.0,19
142.0,-16.5,2023.0,1
142.0,-16.5,2024.0,30
142.0,-16.0,2020.0,1
142.0,-16.0,2021.0,3
142.0,-16.0,2022.0,1
142.0,-15.5,2020.0,8
142.0,-15.5,2021.0,15
142.0,-15.5,2022.0,8
142.0,-15.5,2023.0,7
142.0,-15.5,2024.0,10
142.0,-15.0,2021.0,3
142.0,-15.0,2022.0,5
142.0,-15.0,2023.0,1
142.0,-14.5,2020.0,11
142.0,-14.5,2021.0,2
142.0,-14.5,2022.0,1
142.0,-14.5,2023.0,3
142.0,-14.0,2020.0,2
142.0,-14.0,2021.0,5
142.0,-14.0,2022.0,1
142.0,-13.5,2021.0,7
142.0,-13.5,2022.0,14
142.0,-13.5,2023.0,4
142.0,-13.0,2020.0,6
142.0,-13.0,2021.0,4
142.0,-13.0,2022.0,7
142.0,-13.0,2023.0,6
142.0,-13.0,2024.0,6
142.0,-12.5,2020.0,3
142.0,-12.5,2021.0,4
142.0,-12.5,2022.0,2
142.0,-12.5,2023.0,7
142.0,-12.5,2024.0,6
142.0,-12.0,2020.0,1
142.0,-12.0,2021.0,6
142.0,-12.0,2022.0,1
142.0,-12.0,2023.0,4
142.0,-12.0,2024.0,8
142.0,-11.5,2020.0,3
142.0,-11.5,2021.0,7
142.0,-11.5,2024.0,15
142.5,-38.0,2020.0,1
142.5,-38.0,2021.0,3
142.5,-38.0,2022.0,4
142.5,-38.0,2023.0,2
142.5,-38.0,2024.0,1
142.5,-37.5,2020.0,2
142.5,-37.5,2021.0,3
142.5,-37.5,2022.0,4
142.5,-37.5,2024.0,139
142.5,-37.0,2021.0,6
142.5,-37.0,2022.0,1
142.5,-37.0,2023.0,4
142.5,-37.0,2024.0,69
142.5,-36.5,2020.0,2
142.5,-36.5,2022.0,1
142.5,-36.5,2024.0,14
142.5,-36.0,2023.0,1
142.5,-35.5,2023.0,1
142.5,-35.0,2022.0,2
142.5,-35.0,2023.0,1
142.5,-34.0,2021.0,2
142.5,-34.0,2024.0,4
142.5,-33.5,2020.0,1
142.5,-33.5,2021.0,17
142.5,-28.5,2020.0,1
142.5,-25.0,2024.0,3
142.5,-22.5,2021.0,3
142.5,-20.0,2024.0,5
142.5,-19.5,2021.0,3
142.5,-19.5,2024.0,41
142.5,-19.0,2021.0,12
142.5,-19.0,2022.0,4
142.5,-19.0,2024.0,61
142.5,-18.5,2020.0,2
142.5,-18.5,2021.0,10
142.5,-18.5,2023.0,16
142.5,-18.5,2024.0,9
142.5,-18.0,2020.0,9
142.5,-18.0,2021.0,2
142.5,-18.0,2024.0,16
142.5,-17.5,2020.0,4
142.5,-17.5,2021.0,6
142.5,-17.5,2022.0,3
142.5,-17.5,2024.0,53
142.5,-17.0,2021.0,3
142.5,-17.0,2022.0,8
142.5,-17.0,2024.0,102
142.5,-16.5,2020.0,1
142.5,-16.5,2021.0,9
142.5,-16.5,2022.0,5
142.5,-16.5,2023.0,20
142.5,-16.5,2024.0,52
142.5,-16.0,2021.0,4
142.5,-16.0,2022.0,4
142.5,-16.0,2024.0,7
142.5,-15.5,2021.0,1
142.5,-15.5,2023.0,1
142.5,-15.5,2024.0,11
142.5,-15.0,2020.0,1
142.5,-15.0,2021.0,1
142.5,-15.0,2022.0,2
142.5,-15.0,2024.0,5
142.5,-14.5,2020.0,7
142.5,-14.5,2024.0,3
142.5,-14.0,2020.0,1
142.5,-14.0,2021.0,4
142.5,-14.0,2024.0,1
142.5,-13.5,2023.0,15
142.5,-13.0,2020.0,3
142.5,-13.0,2021.0,6
142.5,-13.0,2022.0,2
142.5,-13.0,2023.0,2
142.5,-13.0,2024.0,2
142.5,-12.5,2020.0,3
142.5,-12.5,2023.0,1
142.5,-12.5,2024.0,1
142.5,-12.0,2021.0,2
142.5,-12.0,2023.0,12
142.5,-12.0,2024.0,4
142.5,-11.5,2021.0,2
142.5,-11.5,2022.0,8
142.5,-11.5,2023.0,2
142.5,-11.5,2024.0,12
142.5,-11.0,2022.0,4
142.5,-11.0,2023.0,6
142.5,-11.0,2024.0,1
143.0,-38.0,2020.0,6
143.0,-38.0,2021.0,18
143.0,-38.0,2022.0,20
143.0,-38.0,2024.0,12
143.0,-37.5,2020.0,3
143.0,-37.5,2021.0,22
143.0,-37.5,2022.0,10
143.0,-37.5,2023.0,10
143.0,-37.5,2024.0,49
143.0,-37.0,2020.0,4
143.0,-37.0,2022.0,4
143.0,-37.0,2023.0,1
143.0,-37.0,2024.0,14
143.0,-36.5,2020.0,2
143.0,-36.5,2024.0,1
143.0,-36.0,2023.0,1
143.0,-36.0,2024.0,2
143.0,-35.5,2023.0,1
143.0,-35.0,2023.0,2
143.0,-35.0,2024.0,1
143.0,-34.5,2021.0,2
143.0,-34.0,2020.0,1
143.0,-34.0,2023.0,1
143.0,-33.5,2021.0,28
143.0,-23.0,2023.0,3
143.0,-20.0,2021.0,1
143.0,-20.0,2024.0,6
143.0,-19.5,2021.0,3
143.0,-19.5,2024.0,9
143.0,-19.0,2020.0,3
143.0,-19.0,2021.0,4
143.0,-19.0,2024.0,21
143.0,-18.5,2022.0,1
143.0,-18.0,2020.0,4
143.0,-17.5,2020.0,1
143.0,-17.5,2021.0,18
143.0,-17.5,2024.0,21
143.0,-17.0,2020.0,43
143.0,-17.0,2021.0,11
143.0,-17.0,2022.0,4
143.0,-17.0,2024.0,25
143.0,-16.5,2020.0,19
143.0,-16.5,2021.0,11
143.0,-16.5,2022.0,8
143.0,-16.5,2024.0,21
143.0,-16.0,2020.0,5
143.0,-16.0,2022.0,4
143.0,-16.0,2023.0,1
143.0,-16.0,2024.0,1
143.0,-15.5,2021.0,2
143.0,-15.5,2022.0,5
143.0,-15.5,2024.0,1
143.0,-15.0,2020.0,1
143.0,-14.5,2021.0,1
143.0,-14.5,2022.0,2
143.0,-14.5,2024.0,1
143.0,-14.0,2020.0,1
143.0,-14.0,2021.0,5
143.0,-14.0,2022.0,1
143.0,-14.0,2024.0,6
143.0,-13.5,2021.0,3
143.0,-13.5,2022.0,5
143.0,-13.5,2023.0,4
143.0,-13.0,2020.0,5
143.0,-13.0,2021.0,6
143.0,-13.0,2022.0,2
143.0,-13.0,2023.0,2
143.0,-12.5,2020.0,8
143.0,-12.5,2021.0,1
143.0,-12.5,2023.0,7
143.0,-12.5,2024.0,3
143.0,-12.0,2020.0,1
143.5,-38.5,2024.0,1
143.5,-38.0,2020.0,10
143.5,-38.0,2021.0,19
143.5,-38.0,2022.0,14
143.5,-38.0,2023.0,7
143.5,-38.0,2024.0,22
143.5,-37.5,2020.0,7
143.5,-37.5,2021.0,7
143.5,-37.5,2022.0,6
143.5,-37.5,2023.0,8
143.5,-37.5,2024.0,39
143.5,-37.0,2020.0,4
143.5,-37.0,2022.0,1
143.5,-37.0,2023.0,3
143.5,-37.0,2024.0,7
143.5,-36.5,2023.0,1
143.5,-36.0,2022.0,2
143.5,-36.0,2023.0,3
143.5,-36.0,2024.0,2
143.5,-35.5,2024.0,2
143.5,-20.5,2021.0,4
143.5,-20.0,2020.0,3
143.5,-20.0,2021.0,1
143.5,-20.0,2022.0,10
143.5,-20.0,2024.0,3
143.5,-19.5,2020.0,15
143.5,-19.5,2021.0,14
143.5,-19.5,2022.0,1
143.5,-19.5,2024.0,9
143.5,-19.0,2020.0,3
143.5,-19.0,2021.0,3
143.5,-19.0,2024.0,8
143.5,-18.5,2020.0,1
143.5,-17.5,2020.0,1
143.5,-17.5,2021.0,2
143.5,-17.5,2024.0,1
143.5,-17.0,2020.0,4
143.5,-17.0,2021.0,3
143.5,-17.0,2022.0,1
143.5,-17.0,2024.0,7
143.5,-16.5,2020.0,14
143.5,-16.5,2021.0,3
143.5,-16.5,2022.0,7
143.5,-16.5,2024.0,8
143.5,-16.0,2021.0,3
143.5,-16.0,2022.0,4
143.5,-16.0,2024.0,1
143.5,-15.5,2020.0,11
143.5,-15.5,2021.0,3
143.5,-15.5,2022.0,7
143.5,-15.5,2023.0,2
143.5,-15.5,2024.0,1
143.5,-15.0,2020.0,10
143.5,-15.0,2021.0,4
143.5,-15.0,2022.0,10
143.5,-15.0,2024.0,5
143.5,-14.5,2022.0,3
143.5,-14.5,2023.0,3
143.5,-14.5,2024.0,8
143.5,-14.0,2020.0,3
143.5,-14.0,2023.0,1
143.5,-13.5,2020.0,1
144.0,-38.5,2021.0,1
144.0,-38.0,2021.0,10
144.0,-38.0,2022.0,9
144.0,-38.0,2024.0,7
144.0,-37.5,2022.0,1
144.0,-37.5,2024.0,6
144.0,-37.0,2020.0,3
144.0,-37.0,2021.0,3
144.0,-37.0,2022.0,13
144.0,-37.0,2023.0,2
144.0,-37.0,2024.0,5
144.0,-36.5,2022.0,6
144.0,-36.5,2023.0,5
144.0,-36.5,2024.0,2
144.0,-36.0,2021.0,1
144.0,-36.0,2022.0,1
144.0,-36.0,2023.0,1
144.0,-36.0,2024.0,1
144.0,-35.5,2021.0,5
144.0,-35.5,2023.0,3
144.0,-35.5,2024.0,1
144.0,-35.0,2021.0,3
144.0,-35.0,2022.0,3
144.0,-35.0,2023.0,3
144.0,-35.0,2024.0,2
144.0,-34.5,2024.0,1
144.0,-20.5,2024.0,2
144.0,-20.0,2020.0,7
144.0,-20.0,2021.0,1
144.0,-20.0,2022.0,2
144.0,-20.0,2024.0,6
144.0,-19.5,2021.0,1
144.0,-19.5,2023.0,2
144.0,-18.5,2020.0,5
144.0,-18.5,2021.0,1
144.0,-18.5,2024.0,36
144.0,-18.0,2024.0,1
144.0,-17.5,2020.0,3
144.0,-17.5,2022.0,1
144.0,-17.5,2024.0,6
144.0,-17.0,2020.0,10
144.0,-17.0,2022.0,3
144.0,-17.0,2024.0,1
144.0,-16.5,2020.0,17
144.0,-16.5,2021.0,3
144.0,-16.5,2022.0,4
144.0,-16.5,2024.0,3
144.0,-16.0,2020.0,2
144.0,-16.0,2021.0,12
144.0,-16.0,2022.0,1
144.0,-16.0,2023.0,3
144.0,-16.0,2024.0,1
144.0,-15.5,2021.0,1
144.0,-15.5,2023.0,27
144.0,-15.0,2020.0,2
144.0,-15.0,2021.0,7
144.0,-15.0,2022.0,7
144.0,-15.0,2023.0,1
144.0,-14.5,2020.0,1
144.0,-14.5,2021.0,2
144.0,-14.5,2022.0,2
144.5,-37.5,2023.0,1
144.5,-37.5,2024.0,1
144.5,-37.0,2024.0,2
144.5,-36.5,2021.0,8
144.5,-36.5,2022.0,3
144.5,-36.5,2023.0,3
144.5,-36.5,2024.0,8
144.5,-36.0,2022.0,3
144.5,-36.0,2024.0,4
144.5,-35.5,2021.0,2
144.5,-35.5,2022.0,2
144.5,-35.5,2023.0,3
144.5,-35.5,2024.0,6
144.5,-34.5,2021.0,1
144.5,-34.5,2023.0,4
144.5,-34.5,2024.0,3
144.5,-21.5,2024.0,1
144.5,-20.5,2022.0,4
144.5,-20.5,2024.0,2
144.5,-20.0,2020.0,7
144.5,-19.5,2021.0,1
144.5,-19.5,2024.0,1
144.5,-19.0,2024.0,2
144.5,-18.5,2021.0,7
144.5,-18.5,2024.0,6
144.5,-18.0,2020.0,5
144.5,-18.0,2021.0,7
144.5,-18.0,2022.0,1
144.5,-18.0,2024.0,1
144.5,-17.5,2020.0,1
144.5,-17.0,2021.0,3
144.5,-17.0,2024.0,3
144.5,-16.5,2020.0,1
144.5,-16.5,2021.0,1
144.5,-16.0,2020.0,4
144.5,-16.0,2021.0,3
144.5,-16.0,2023.0,7
144.5,-16.0,2024.0,1
144.5,-15.5,2020.0,3
144.5,-15.5,2021.0,1
144.5,-15.5,2022.0,3
144.5,-15.5,2023.0,5
144.5,-15.0,2020.0,21
144.5,-15.0,2022.0,1
144.5,-15.0,2023.0,2
144.5,-14.5,2020.0,1
144.5,-14.5,2021.0,10
144.5,-14.5,2022.0,5
144.5,-14.5,2023.0,5
144.5,-14.5,2024.0,1
145.0,-42.0,2022.0,2
145.0,-41.5,2024.0,3
145.0,-41.0,2020.0,2
145.0,-41.0,2022.0,3
145.0,-41.0,2023.0,5
145.0,-40.5,2020.0,8
145.0,-36.5,2021.0,10
145.0,-36.5,2022.0,2
145.0,-36.5,2023.0,3
145.0,-36.5,2024.0,3
145.0,-36.0,2021.0,2
145.0,-36.0,2023.0,3
145.0,-36.0,2024.0,7
145.0,-35.5,2021.0,8
145.0,-35.5,2022.0,1
145.0,-35.5,2023.0,2
145.0,-35.5,2024.0,7
145.0,-34.5,2021.0,1
145.0,-32.0,2023.0,1
145.0,-23.5,2024.0,1
145.0,-22.0,2021.0,2
145.0,-21.5,2020.0,2
145.0,-21.5,2021.0,5
145.0,-21.5,2023.0,1
145.0,-21.0,2020.0,1
145.0,-21.0,2021.0,1
145.0,-21.0,2024.0,3
145.0,-20.5,2021.0,1
145.0,-20.5,2022.0,1
145.0,-20.5,2023.0,1
145.0,-20.5,2024.0,89
145.0,-20.0,2020.0,1
145.0,-18.5,2020.0,7
145.0,-18.5,2021.0,1
145.0,-18.5,2022.0,2
145.0,-18.5,2024.0,2
145.0,-18.0,2020.0,5
145.0,-18.0,2022.0,1
145.0,-18.0,2024.0,2
145.0,-17.5,2020.0,5
145.0,-17.5,2022.0,1
145.0,-17.5,2024.0,2
145.0,-17.0,2022.0,1
145.0,-17.0,2023.0,18
145.0,-17.0,2024.0,1
145.0,-16.5,2020.0,2
145.0,-16.5,2021.0,2
145.0,-16.5,2023.0,7
145.0,-16.5,2024.0,11
145.0,-16.0,2021.0,3
145.0,-16.0,2023.0,3
145.0,-15.5,2020.0,4
145.0,-15.5,2021.0,1
145.0,-15.5,2022.0,1
145.0,-15.0,2020.0,19
145.0,-14.5,2020.0,2
145.5,-42.0,2020.0,2
145.5,-42.0,2021.0,3
145.5,-42.0,2023.0,1
145.5,-41.0,2020.0,3
145.5,-41.0,2021.0,1
145.5,-41.0,2023.0,3
145.5,-41.0,2024.0,2
145.5,-38.5,2024.0,1
145.5,-37.5,2021.0,1
145.5,-37.5,2023.0,1
145.5,-36.5,2020.0,3
145.5,-36.5,2021.0,8
145.5,-36.5,2022.0,9
145.5,-36.5,2023.0,4
145.5,-36.5,2024.0,6
145.5,-36.0,2021.0,7
145.5,-36.0,2022.0,9
145.5,-36.0,2023.0,3
145.5,-36.0,2024.0,11
145.5,-35.5,2021.0,13
145.5,-35.5,2022.0,7
145.5,-35.5,2023.0,3
145.5,-35.5,2024.0,18
145.5,-34.5,2020.0,4
145.5,-34.5,2021.0,3
145.5,-34.5,2023.0,6
145.5,-34.5,2024.0,5
145.5,-34.0,2022.0,4
145.5,-34.0,2024.0,1
145.5,-33.5,2021.0,2
145.5,-33.5,2022.0,2
145.5,-33.5,2023.0,1
145.5,-32.5,2023.0,3
145.5,-32.0,2021.0,1
145.5,-32.0,2023.0,1
145.5,-31.5,2023.0,5
145.5,-26.0,2024.0,2
145.5,-25.5,2022.0,4
145.5,-25.0,2022.0,1
145.5,-24.0,2023.0,3
145.5,-23.5,2021.0,10
145.5,-23.5,2024.0,2
145.5,-23.0,2021.0,1
145.5,-23.0,2023.0,1
145.5,-23.0,2024.0,5
145.5,-22.5,2023.0,31
145.5,-22.5,2024.0,1
145.5,-22.0,2020.0,2
145.5,-22.0,2021.0,7
145.5,-22.0,2022.0,1
145.5,-22.0,2023.0,12
145.5,-22.0,2024.0,6
145.5,-21.5,2020.0,14
145.5,-21.5,2024.0,17
145.5,-21.0,2020.0,18
145.5,-21.0,2021.0,8
145.5,-21.0,2023.0,3
145.5,-21.0,2024.0,67
145.5,-20.5,2020.0,4
145.5,-20.5,2024.0,16
145.5,-20.0,2020.0,2
145.5,-19.5,2024.0,3
145.5,-18.5,2020.0,9
145.5,-18.5,2023.0,17
145.5,-18.5,2024.0,1
145.5,-18.0,2020.0,4
145.5,-18.0,2021.0,2
145.5,-18.0,2022.0,2
145.5,-17.5,2022.0,1
145.5,-17.5,2023.0,1
145.5,-17.5,2024.0,1
145.5,-17.0,2020.0,1
145.5,-17.0,2021.0,1
145.5,-17.0,2023.0,3
145.5,-16.5,2024.0,1
145.5,-15.5,2024.0,1
146.0,-43.5,2023.0,1
146.0,-43.0,2020.0,1
146.0,-41.5,2022.0,1
146.0,-41.5,2024.0,4
146.0,-41.0,2024.0,1
146.0,-38.0,2020.0,3
146.0,-38.0,2021.0,1
146.0,-37.5,2020.0,3
146.0,-37.5,2021.0,3
146.0,-37.0,2021.0,1
146.0,-36.5,2021.0,4
146.0,-36.5,2022.0,9
146.0,-36.5,2023.0,2
146.0,-36.5,2024.0,5
146.0,-36.0,2020.0,2
146.0,-36.0,2021.0,22
146.0,-36.0,2022.0,14
146.0,-36.0,2023.0,13
146.0,-36.0,2024.0,30
146.0,-35.5,2020.0,2
146.0,-35.5,2021.0,33
146.0,-35.5,2022.0,11
146.0,-35.5,2023.0,5
146.0,-35.5,2024.0,16
146.0,-35.0,2021.0,6
146.0,-35.0,2022.0,1
146.0,-35.0,2023.0,6
146.0,-35.0,2024.0,12
146.0,-34.5,2020.0,1
146.0,-34.5,2021.0,22
146.0,-34.5,2022.0,5
146.0,-34.5,2023.0,20
146.0,-34.5,2024.0,36
146.0,-34.0,2021.0,6
146.0,-34.0,2022.0,3
146.0,-34.0,2023.0,3
146.0,-34.0,2024.0,10
146.0,-33.5,2021.0,3
146.0,-33.5,2022.0,2
146.0,-33.0,2021.0,15
146.0,-33.0,2023.0,29
146.0,-32.5,2021.0,7
146.0,-32.5,2023.0,6
146.0,-32.5,2024.0,1
146.0,-31.5,2023.0,4
146.0,-31.0,2022.0,3
146.0,-31.0,2023.0,1
146.0,-29.5,2023.0,1
146.0,-26.0,2021.0,1
146.0,-25.0,2021.0,1
146.0,-25.0,2022.0,6
146.0,-24.0,2020.0,3
146.0,-24.0,2022.0,8
146.0,-24.0,2024.0,2
146.0,-23.5,2021.0,7
146.0,-23.5,2022.0,9
146.0,-23.5,2023.0,3
146.0,-23.5,2024.0,1
146.0,-23.0,2022.0,2
146.0,-22.5,2022.0,1
146.0,-22.5,2024.0,22
146.0,-22.0,2020.0,1
146.0,-22.0,2023.0,4
146.0,-22.0,2024.0,5
146.0,-21.5,2020.0,12
146.0,-21.5,2022.0,6
146.0,-21.5,2023.0,2
146.0,-21.0,2024.0,34
146.0,-20.0,2020.0,4
146.0,-20.0,2021.0,1
146.0,-20.0,2024.0,2
146.0,-19.5,2023.0,2
146.0,-19.5,2024.0,4
146.0,-19.0,2021.0,1
146.0,-19.0,2023.0,11
146.0,-18.5,2022.0,1
146.0,-18.5,2023.0,1
146.5,-42.5,2020.0,1
146.5,-42.5,2021.0,5
146.5,-42.5,2022.0,1
146.5,-42.5,2023.0,5
146.5,-42.5,2024.0,5
146.5,-42.0,2024.0,5
146.5,-41.5,2021.0,1
146.5,-41.5,2024.0,1
146.5,-38.0,2020.0,2
146.5,-38.0,2021.0,1
146.5,-37.5,2020.0,5
146.5,-37.0,2020.0,72
146.5,-36.5,2020.0,12
146.5,-36.5,2021.0,1
146.5,-36.0,2020.0,3
146.5,-36.0,2021.0,8
146.5,-36.0,2022.0,9
146.5,-36.0,2023.0,4
146.5,-36.0,2024.0,23
146.5,-35.5,2021.0,10
146.5,-35.5,2022.0,7
146.5,-35.5,2023.0,4
146.5,-35.5,2024.0,19
146.5,-35.0,2021.0,4
146.5,-35.0,2022.0,2
146.5,-35.0,2023.0,8
146.5,-35.0,2024.0,2
146.5,-34.5,2021.0,5
146.5,-34.5,2023.0,8
146.5,-34.5,2024.0,4
146.5,-34.0,2021.0,2
146.5,-34.0,2022.0,3
146.5,-34.0,2023.0,2
146.5,-34.0,2024.0,1
146.5,-33.5,2021.0,10
146.5,-33.5,2022.0,5
146.5,-33.5,2023.0,4
146.5,-33.0,2021.0,5
146.5,-33.0,2022.0,23
146.5,-33.0,2023.0,26
146.5,-32.5,2022.0,1
146.5,-32.5,2023.0,3
146.5,-32.0,2022.0,2
146.5,-31.5,2020.0,1
146.5,-31.5,2023.0,1
146.5,-31.5,2024.0,1
146.5,-31.0,2023.0,14
146.5,-31.0,2024.0,1
146.5,-30.5,2021.0,1
146.5,-30.5,2022.0,7
146.5,-30.5,2023.0,6
146.5,-26.0,2020.0,4
146.5,-26.0,2022.0,1
146.5,-26.0,2024.0,1
146.5,-25.0,2024.0,19
146.5,-24.5,2020.0,4
146.5,-24.5,2021.0,6
146.5,-24.5,2023.0,3
146.5,-23.5,2024.0,3
146.5,-23.0,2021.0,6
146.5,-23.0,2022.0,1
146.5,-23.0,2024.0,22
146.5,-22.5,2020.0,4
146.5,-22.5,2021.0,2
146.5,-22.5,2022.0,8
146.5,-22.5,2024.0,5
146.5,-22.0,2020.0,3
146.5,-22.0,2024.0,3
146.5,-21.5,2024.0,1
146.5,-21.0,2023.0,1
146.5,-20.0,2022.0,1
146.5,-19.5,2021.0,1
146.5,-19.5,2022.0,1
146.5,-19.5,2023.0,2
146.5,-19.5,2024.0,4
147.0,-43.5,2020.0,2
147.0,-43.5,2021.0,1
147.0,-43.5,2022.0,1
147.0,-43.5,2024.0,2
147.0,-43.0,2020.0,1
147.0,-43.0,2021.0,1
147.0,-43.0,2022.0,2
147.0,-43.0,2023.0,1
147.0,-43.0,2024.0,2
147.0,-42.5,2020.0,2
147.0,-42.5,2022.0,2
147.0,-42.5,2023.0,2
147.0,-42.0,2023.0,1
147.0,-42.0,2024.0,1
147.0,-41.5,2022.0,1
147.0,-38.5,2021.0,3
147.0,-38.0,2021.0,1
147.0,-37.5,2020.0,4
147.0,-37.5,2023.0,8
147.0,-37.0,2020.0,122
147.0,-36.0,2020.0,1
147.0,-36.0,2021.0,1
147.0,-36.0,2022.0,4
147.0,-36.0,2023.0,2
147.0,-36.0,2024.0,2
147.0,-35.5,2021.0,12
147.0,-35.5,2022.0,15
147.0,-35.5,2023.0,5
147.0,-35.5,2024.0,3
147.0,-35.0,2020.0,2
147.0,-35.0,2021.0,9
147.0,-35.0,2022.0,3
147.0,-35.0,2023.0,2
147.0,-35.0,2024.0,7
147.0,-34.5,2021.0,14
147.0,-34.5,2022.0,11
147.0,-34.5,2023.0,1
147.0,-34.5,2024.0,3
147.0,-34.0,2021.0,6
147.0,-34.0,2022.0,2
147.0,-34.0,2024.0,2
147.0,-33.5,2021.0,14
147.0,-33.5,2022.0,7
147.0,-33.5,2023.0,6
147.0,-33.0,2020.0,1
147.0,-33.0,2021.0,8
147.0,-33.0,2022.0,2
147.0,-33.0,2023.0,4
147.0,-33.0,2024.0,1
147.0,-32.5,2021.0,8
147.0,-32.5,2022.0,4
147.0,-32.5,2023.0,4
147.0,-32.0,2020.0,2
147.0,-32.0,2021.0,3
147.0,-32.0,2022.0,2
147.0,-32.0,2023.0,7
147.0,-31.5,2021.0,4
147.0,-31.5,2023.0,1
147.0,-31.0,2023.0,9
147.0,-30.5,2022.0,10
147.0,-30.5,2023.0,6
147.0,-30.5,2024.0,6
147.0,-27.0,2022.0,2
147.0,-27.0,2023.0,3
147.0,-27.0,2024.0,4
147.0,-26.5,2021.0,4
147.0,-26.5,2023.0,2
147.0,-26.5,2024.0,4
147.0,-26.0,2020.0,7
147.0,-26.0,2021.0,2
147.0,-26.0,2023.0,10
147.0,-26.0,2024.0,12
147.0,-25.5,2020.0,8
147.0,-25.5,2021.0,6
147.0,-25.5,2024.0,1
147.0,-25.0,2020.0,1
147.0,-25.0,2021.0,1
147.0,-25.0,2023.0,45
147.0,-25.0,2024.0,9
147.0,-24.5,2023.0,1
147.0,-24.5,2024.0,5
147.0,-24.0,2024.0,2
147.0,-23.5,2024.0,1
147.0,-23.0,2021.0,1
147.0,-23.0,2024.0,8
147.0,-22.5,2020.0,12
147.0,-22.5,2021.0,6
147.0,-22.5,2024.0,4
147.0,-22.0,2020.0,10
147.0,-22.0,2024.0,1
147.0,-21.5,2020.0,6
147.0,-21.5,2024.0,2
147.0,-21.0,2020.0,1
147.0,-20.5,2021.0,1
147.0,-20.0,2020.0,1
147.0,-20.0,2022.0,1
147.0,-19.5,2022.0,1
147.0,-19.5,2024.0,1
147.5,-43.0,2020.0,1
147.5,-42.5,2021.0,1
147.5,-42.5,2023.0,1
147.5,-42.5,2024.0,3
147.5,-42.0,2022.0,2
147.5,-41.5,2021.0,3
147.5,-41.5,2022.0,4
147.5,-41.0,2024.0,10
147.5,-38.0,2023.0,9
147.5,-37.5,2020.0,12
147.5,-37.0,2020.0,119
147.5,-37.0,2024.0,4
147.5,-36.5,2020.0,58
147.5,-36.0,2020.0,102
147.5,-36.0,2024.0,1
147.5,-35.5,2020.0,1
147.5,-35.5,2021.0,3
147.5,-35.5,2022.0,2
147.5,-35.5,2023.0,3
147.5,-35.5,2024.0,3
147.5,-35.0,2021.0,18
147.5,-35.0,2022.0,12
147.5,-35.0,2023.0,1
147.5,-35.0,2024.0,9
147.5,-34.5,2021.0,29
147.5,-34.5,2022.0,9
147.5,-34.5,2023.0,15
147.5,-34.5,2024.0,17
147.5,-34.0,2021.0,15
147.5,-34.0,2022.0,27
147.5,-34.0,2023.0,3
147.5,-34.0,2024.0,20
147.5,-33.5,2021.0,7
147.5,-33.5,2022.0,4
147.5,-33.5,2023.0,5
147.5,-33.5,2024.0,2
147.5,-33.0,2021.0,8
147.5,-33.0,2022.0,10
147.5,-33.0,2023.0,2
147.5,-32.5,2021.0,5
147.5,-32.5,2022.0,3
147.5,-32.5,2023.0,3
147.5,-32.0,2021.0,7
147.5,-32.0,2022.0,4
147.5,-31.5,2022.0,4
147.5,-31.0,2023.0,2
147.5,-30.5,2024.0,1
147.5,-28.5,2024.0,1
147.5,-27.5,2020.0,1
147.5,-27.0,2020.0,4
147.5,-26.5,2020.0,2
147.5,-26.5,2021.0,2
147.5,-26.5,2022.0,1
147.5,-26.0,2020.0,1
147.5,-26.0,2024.0,1
147.5,-25.5,2020.0,4
147.5,-25.5,2023.0,6
147.5,-25.5,2024.0,15
147.5,-25.0,2020.0,14
147.5,-25.0,2024.0,58
147.5,-24.0,2020.0,1
147.5,-24.0,2021.0,1
147.5,-24.0,2024.0,3
147.5,-23.5,2023.0,1
147.5,-23.5,2024.0,2
147.5,-23.0,2020.0,4
147.5,-23.0,2021.0,8
147.5,-23.0,2022.0,1
147.5,-23.0,2023.0,4
147.5,-23.0,2024.0,3
147.5,-22.5,2020.0,4
147.5,-22.5,2024.0,9
147.5,-22.0,2022.0,1
147.5,-22.0,2024.0,13
147.5,-21.5,2020.0,2
147.5,-21.5,2024.0,7
147.5,-21.0,2020.0,1
147.5,-21.0,2024.0,6
147.5,-20.5,2024.0,1
147.5,-20.0,2024.0,1
148.0,-43.0,2022.0,1
148.0,-42.0,2020.0,1
148.0,-42.0,2022.0,2
148.0,-42.0,2023.0,3
148.0,-41.5,2020.0,25
148.0,-41.5,2023.0,1
148.0,-41.0,2021.0,1
148.0,-41.0,2023.0,1
148.0,-41.0,2024.0,3
148.0,-40.0,2020.0,4
148.0,-40.0,2021.0,1
148.0,-40.0,2023.0,4
148.0,-37.5,2020.0,37
148.0,-37.0,2020.0,118
148.0,-36.5,2020.0,239
148.0,-36.0,2020.0,131
148.0,-36.0,2021.0,6
148.0,-35.5,2020.0,232
148.0,-35.5,2021.0,4
148.0,-35.5,2022.0,1
148.0,-35.5,2024.0,2
148.0,-35.0,2020.0,10
148.0,-35.0,2022.0,1
148.0,-35.0,2024.0,6
148.0,-34.5,2021.0,9
148.0,-34.5,2022.0,7
148.0,-34.5,2023.0,5
148.0,-34.5,2024.0,10
148.0,-34.0,2021.0,9
148.0,-34.0,2022.0,4
148.0,-34.0,2023.0,3
148.0,-34.0,2024.0,8
148.0,-33.5,2021.0,8
148.0,-33.5,2022.0,5
148.0,-33.5,2023.0,2
148.0,-33.5,2024.0,5
148.0,-33.0,2021.0,4
148.0,-33.0,2023.0,1
148.0,-32.5,2021.0,7
148.0,-32.5,2022.0,6
148.0,-32.5,2023.0,2
148.0,-32.0,2021.0,2
148.0,-32.0,2022.0,2
148.0,-31.5,2022.0,1
148.0,-30.5,2022.0,5
148.0,-30.0,2022.0,1
148.0,-30.0,2023.0,1
148.0,-28.5,2024.0,6
148.0,-28.0,2020.0,2
148.0,-28.0,2024.0,2
148.0,-27.5,2020.0,3
148.0,-27.5,2021.0,3
148.0,-27.5,2023.0,1
148.0,-27.5,2024.0,9
148.0,-27.0,2024.0,11
148.0,-26.5,2020.0,1
148.0,-26.5,2022.0,1
148.0,-26.5,2024.0,3
148.0,-26.0,2023.0,1
148.0,-25.5,2020.0,3
148.0,-25.5,2021.0,10
148.0,-25.5,2024.0,1
148.0,-25.0,2020.0,25
148.0,-25.0,2021.0,12
148.0,-25.0,2023.0,26
148.0,-25.0,2024.0,2
148.0,-24.5,2021.0,2
148.0,-24.5,2024.0,2
148.0,-24.0,2021.0,2
148.0,-24.0,2024.0,5
148.0,-23.5,2020.0,1
148.0,-23.5,2023.0,1
148.0,-23.5,2024.0,7
148.0,-23.0,2020.0,3
148.0,-22.5,2020.0,3
148.0,-21.5,2020.0,2
148.0,-21.5,2024.0,1
148.0,-21.0,2020.0,11
148.0,-21.0,2021.0,3
148.0,-20.5,2024.0,7
148.5,-38.0,2020.0,3
148.5,-37.5,2020.0,28
148.5,-37.0,2020.0,51
148.5,-37.0,2021.0,1
148.5,-37.0,2024.0,1
148.5,-36.5,2020.0,1
148.5,-36.0,2020.0,305
148.5,-35.5,2020.0,47
148.5,-35.5,2022.0,2
148.5,-34.5,2020.0,1
148.5,-34.5,2021.0,7
148.5,-34.5,2022.0,9
148.5,-34.5,2023.0,1
148.5,-34.5,2024.0,8
148.5,-34.0,2021.0,9
148.5,-34.0,2022.0,10
148.5,-34.0,2023.0,3
148.5,-34.0,2024.0,5
148.5,-33.5,2021.0,7
148.5,-33.5,2022.0,9
148.5,-33.5,2024.0,3
148.5,-33.0,2021.0,2
148.5,-33.0,2022.0,2
148.5,-32.5,2021.0,2
148.5,-32.5,2023.0,12
148.5,-32.0,2024.0,1
148.5,-31.5,2021.0,12
148.5,-31.5,2022.0,1
148.5,-31.0,2022.0,2
148.5,-31.0,2024.0,1
148.5,-30.5,2021.0,1
148.5,-30.5,2022.0,2
148.5,-30.5,2023.0,1
148.5,-29.5,2021.0,3
148.5,-29.5,2023.0,11
148.5,-29.5,2024.0,1
148.5,-28.5,2020.0,1
148.5,-28.0,2022.0,2
148.5,-28.0,2023.0,6
148.5,-27.5,2020.0,1
148.5,-27.0,2020.0,1
148.5,-27.0,2021.0,9
148.5,-26.0,2020.0,1
148.5,-26.0,2024.0,2
148.5,-25.5,2020.0,14
148.5,-25.5,2021.0,5
148.5,-25.5,2023.0,8
148.5,-25.5,2024.0,2
148.5,-25.0,2021.0,9
148.5,-25.0,2023.0,11
148.5,-25.0,2024.0,1
148.5,-24.5,2020.0,2
148.5,-24.5,2021.0,4
148.5,-24.5,2024.0,3
148.5,-24.0,2021.0,6
148.5,-24.0,2023.0,8
148.5,-24.0,2024.0,2
148.5,-23.5,2021.0,1
148.5,-23.5,2023.0,1
148.5,-23.0,2020.0,2
148.5,-23.0,2023.0,1
148.5,-23.0,2024.0,2
148.5,-22.5,2020.0,2
148.5,-22.5,2021.0,3
148.5,-22.5,2023.0,2
148.5,-22.5,2024.0,2
148.5,-22.0,2022.0,1
148.5,-21.5,2020.0,1
148.5,-21.0,2024.0,2
148.5,-20.5,2022.0,3
148.5,-20.5,2024.0,4
149.0,-38.0,2020.0,27
149.0,-37.5,2020.0,103
149.0,-37.0,2020.0,87
149.0,-37.0,2021.0,2
149.0,-37.0,2023.0,5
149.0,-36.5,2024.0,2
149.0,-36.0,2020.0,141
149.0,-35.5,2020.0,139
149.0,-35.0,2022.0,1
149.0,-34.5,2021.0,1
149.0,-34.0,2020.0,4
149.0,-34.0,2021.0,1
149.0,-34.0,2023.0,1
149.0,-34.0,2024.0,1
149.0,-33.5,2024.0,1
149.0,-33.0,2021.0,1
149.0,-33.0,2024.0,1
149.0,-32.5,2021.0,2
149.0,-32.5,2023.0,6
149.0,-32.0,2020.0,27
149.0,-32.0,2021.0,2
149.0,-32.0,2023.0,3
149.0,-31.5,2022.0,2
149.0,-31.5,2023.0,6
149.0,-31.0,2022.0,3
149.0,-30.5,2022.0,3
149.0,-30.5,2024.0,5
149.0,-30.0,2020.0,1
149.0,-30.0,2023.0,1
149.0,-29.5,2023.0,2
149.0,-29.0,2023.0,3
149.0,-28.0,2021.0,1
149.0,-27.5,2020.0,1
149.0,-27.5,2021.0,1
149.0,-27.5,2022.0,1
149.0,-27.0,2023.0,2
149.0,-26.5,2021.0,8
149.0,-26.0,2020.0,1
149.0,-26.0,2021.0,3
149.0,-26.0,2022.0,4
149.0,-26.0,2024.0,2
149.0,-25.5,2020.0,5
149.0,-25.5,2021.0,2
149.0,-25.5,2024.0,6
149.0,-25.0,2023.0,3
149.0,-25.0,2024.0,2
149.0,-24.5,2020.0,3
149.0,-24.5,2021.0,8
149.0,-24.5,2023.0,9
149.0,-24.5,2024.0,8
149.0,-24.0,2023.0,22
149.0,-23.5,2022.0,1
149.0,-23.5,2024.0,6
149.0,-23.0,2020.0,2
149.0,-22.5,2024.0,4
149.0,-22.0,2021.0,3
149.0,-22.0,2023.0,1
149.0,-21.5,2021.0,9
149.0,-21.5,2024.0,1
149.5,-37.5,2020.0,105
149.5,-37.0,2020.0,328
149.5,-37.0,2021.0,3
149.5,-37.0,2023.0,4
149.5,-37.0,2024.0,1
149.5,-36.5,2020.0,68
149.5,-36.0,2020.0,301
149.5,-36.0,2023.0,1
149.5,-35.5,2023.0,3
149.5,-34.0,2021.0,1
149.5,-34.0,2022.0,8
149.5,-34.0,2023.0,7
149.5,-34.0,2024.0,3
149.5,-33.5,2020.0,1
149.5,-33.0,2023.0,73
149.5,-32.0,2021.0,1
149.5,-32.0,2022.0,1
149.5,-32.0,2023.0,4
149.5,-31.5,2021.0,1
149.5,-31.5,2023.0,1
149.5,-31.5,2024.0,2
149.5,-31.0,2020.0,13
149.5,-31.0,2023.0,2
149.5,-31.0,2024.0,9
149.5,-30.5,2020.0,3
149.5,-30.5,2021.0,2
149.5,-30.5,2022.0,1
149.5,-30.5,2024.0,1
149.5,-30.0,2021.0,2
149.5,-30.0,2022.0,1
149.5,-30.0,2023.0,2
149.5,-30.0,2024.0,1
149.5,-29.5,2020.0,1
149.5,-29.5,2021.0,1
149.5,-29.5,2022.0,3
149.5,-29.5,2024.0,1
149.5,-29.0,2022.0,9
149.5,-27.5,2024.0,1
149.5,-27.0,2024.0,1
149.5,-26.5,2020.0,1
149.5,-26.5,2021.0,3
149.5,-26.5,2023.0,2
149.5,-26.5,2024.0,1
149.5,-26.0,2020.0,2
149.5,-26.0,2024.0,2
149.5,-25.5,2020.0,3
149.5,-25.5,2021.0,3
149.5,-25.5,2023.0,1
149.5,-25.5,2024.0,1
149.5,-25.0,2020.0,10
149.5,-25.0,2021.0,5
149.5,-25.0,2023.0,4
149.5,-25.0,2024.0,1
149.5,-24.5,2020.0,7
149.5,-24.5,2023.0,3
149.5,-24.5,2024.0,10
149.5,-24.0,2020.0,13
149.5,-24.0,2021.0,3
149.5,-24.0,2023.0,2
149.5,-24.0,2024.0,4
149.5,-23.5,2023.0,1
149.5,-23.5,2024.0,11
149.5,-23.0,2020.0,1
149.5,-22.5,2020.0,1
149.5,-22.5,2024.0,1
149.5,-22.0,2020.0,3
149.5,-22.0,2021.0,1
149.5,-22.0,2024.0,1
150.0,-37.5,2020.0,27
150.0,-37.0,2020.0,30
150.0,-36.5,2020.0,10
150.0,-36.0,2020.0,84
150.0,-35.5,2020.0,67
150.0,-35.0,2020.0,34
150.0,-34.5,2020.0,50
150.0,-34.5,2023.0,4
150.0,-33.5,2023.0,1
150.0,-33.0,2020.0,5
150.0,-32.5,2020.0,10
150.0,-32.0,2023.0,2
150.0,-31.5,2022.0,2
150.0,-31.5,2023.0,3
150.0,-30.5,2021.0,1
150.0,-30.0,2020.0,6
150.0,-30.0,2022.0,1
150.0,-30.0,2024.0,1
150.0,-29.5,2022.0,3
150.0,-29.5,2023.0,1
150.0,-29.0,2022.0,3
150.0,-29.0,2023.0,2
150.0,-28.5,2021.0,1
150.0,-28.5,2022.0,1
150.0,-28.0,2021.0,3
150.0,-28.0,2024.0,10
150.0,-27.5,2020.0,2
150.0,-27.5,2022.0,1
150.0,-27.5,2023.0,1
150.0,-27.5,2024.0,3
150.0,-27.0,2024.0,1
150.0,-26.5,2020.0,2
150.0,-26.5,2021.0,1
150.0,-26.5,2023.0,30
150.0,-26.5,2024.0,2
150.0,-26.0,2021.0,3
150.0,-26.0,2023.0,1
150.0,-25.5,2020.0,6
150.0,-25.5,2022.0,5
150.0,-25.5,2023.0,6
150.0,-25.0,2020.0,1
150.0,-25.0,2021.0,3
150.0,-25.0,2024.0,4
150.0,-24.0,2023.0,1
150.0,-23.5,2020.0,2
150.0,-23.5,2021.0,15
150.0,-23.5,2023.0,1
150.0,-23.0,2022.0,1
150.0,-23.0,2023.0,1
150.0,-22.5,2021.0,3
150.0,-22.5,2023.0,2
150.5,-35.5,2020.0,1
150.5,-35.0,2020.0,67
150.5,-34.5,2020.0,10
150.5,-34.0,2020.0,26
150.5,-32.5,2020.0,9
150.5,-31.5,2021.0,1
150.5,-31.0,2020.0,2
150.5,-30.5,2022.0,1
150.5,-30.5,2023.0,2
150.5,-29.0,2022.0,1
150.5,-29.0,2023.0,2
150.5,-28.5,2022.0,6
150.5,-28.0,2020.0,2
150.5,-28.0,2022.0,2
150.5,-28.0,2023.0,12
150.5,-28.0,2024.0,1
150.5,-27.5,2020.0,1
150.5,-27.5,2022.0,1
150.5,-27.5,2023.0,7
150.5,-27.5,2024.0,3
150.5,-27.0,2022.0,1
150.5,-27.0,2023.0,6
150.5,-26.5,2020.0,4
150.5,-26.5,2021.0,2
150.5,-26.5,2023.0,6
150.5,-26.0,2020.0,2
150.5,-26.0,2021.0,1
150.5,-26.0,2022.0,3
150.5,-26.0,2023.0,2
150.5,-26.0,2024.0,5
150.5,-25.5,2020.0,17
150.5,-25.5,2021.0,2
150.5,-25.5,2022.0,3
150.5,-25.5,2023.0,2
150.5,-25.5,2024.0,13
150.5,-25.0,2020.0,1
150.5,-25.0,2022.0,1
150.5,-25.0,2023.0,6
150.5,-25.0,2024.0,4
150.5,-24.5,2021.0,1
150.5,-24.5,2023.0,1
150.5,-24.0,2020.0,2
150.5,-24.0,2023.0,2
150.5,-23.5,2023.0,1
150.5,-23.0,2021.0,6
150.5,-23.0,2022.0,1
150.5,-23.0,2023.0,12
150.5,-22.5,2021.0,2
150.5,-22.5,2022.0,7
150.5,-22.5,2023.0,4
150.5,-22.5,2024.0,1
150.5,-22.0,2022.0,1
151.0,-35.0,2020.0,2
151.0,-34.0,2020.0,2
151.0,-34.0,2023.0,1
151.0,-31.5,2020.0,2
151.0,-31.5,2022.0,5
151.0,-31.5,2023.0,2
151.0,-31.0,2020.0,1
151.0,-30.5,2020.0,5
151.0,-30.5,2024.0,3
151.0,-29.5,2023.0,3
151.0,-29.0,2020.0,14
151.0,-29.0,2023.0,4
151.0,-28.5,2021.0,4
151.0,-28.5,2022.0,1
151.0,-28.5,2023.0,16
151.0,-28.5,2024.0,24
151.0,-28.0,2020.0,18
151.0,-28.0,2021.0,4
151.0,-28.0,2022.0,15
151.0,-28.0,2023.0,5
151.0,-28.0,2024.0,3
151.0,-27.5,2020.0,13
151.0,-27.5,2021.0,2
151.0,-27.5,2023.0,44
151.0,-27.5,2024.0,1
151.0,-27.0,2023.0,2
151.0,-26.5,2020.0,2
151.0,-26.5,2021.0,5
151.0,-26.5,2022.0,4
151.0,-26.5,2023.0,1
151.0,-26.5,2024.0,5
151.0,-26.0,2020.0,20
151.0,-26.0,2021.0,2
151.0,-26.0,2024.0,15
151.0,-25.5,2020.0,7
151.0,-25.5,2021.0,1
151.0,-25.5,2022.0,7
151.0,-25.5,2024.0,7
151.0,-25.0,2020.0,5
151.0,-25.0,2021.0,2
151.0,-25.0,2024.0,3
151.0,-24.5,2020.0,1
151.0,-24.5,2024.0,1
151.0,-24.0,2020.0,1
151.0,-24.0,2023.0,1
151.0,-24.0,2024.0,4
151.0,-23.5,2020.0,4
151.0,-23.0,2021.0,1
151.0,-23.0,2022.0,1
151.5,-33.5,2024.0,1
151.5,-33.0,2020.0,1
151.5,-32.0,2020.0,1
151.5,-31.5,2020.0,4
151.5,-31.5,2023.0,1
151.5,-30.0,2022.0,1
151.5,-30.0,2023.0,1
151.5,-29.0,2023.0,2
151.5,-27.0,2023.0,2
151.5,-26.5,2020.0,1
151.5,-26.5,2021.0,1
151.5,-26.0,2020.0,3
151.5,-26.0,2021.0,2
151.5,-26.0,2024.0,1
151.5,-25.5,2020.0,1
151.5,-25.5,2021.0,5
151.5,-25.5,2024.0,1
151.5,-25.0,2020.0,3
151.5,-25.0,2021.0,4
151.5,-25.0,2024.0,1
151.5,-24.5,2021.0,1
151.5,-24.0,2020.0,1
151.5,-24.0,2023.0,1
151.5,-24.0,2024.0,1
152.0,-32.5,2020.0,1
152.0,-32.5,2023.0,1
152.0,-31.5,2020.0,3
152.0,-31.5,2022.0,1
152.0,-29.5,2020.0,9
152.0,-29.0,2021.0,1
152.0,-28.5,2024.0,6
152.0,-27.0,2020.0,3
152.0,-27.0,2023.0,1
152.0,-26.5,2021.0,1
152.0,-26.5,2022.0,1
152.0,-26.5,2023.0,1
152.0,-26.0,2021.0,2
152.0,-25.5,2020.0,3
152.0,-25.5,2021.0,3
152.0,-25.5,2024.0,5
152.0,-25.0,2022.0,1
152.0,-25.0,2023.0,1
152.0,-25.0,2024.0,1
152.0,-24.5,2020.0,3
152.0,-24.5,2023.0,6
152.0,-24.0,2021.0,2
152.5,-31.0,2023.0,4
152.5,-30.0,2021.0,1
152.5,-29.0,2023.0,3
152.5,-28.5,2023.0,1
152.5,-28.0,2024.0,2
152.5,-27.5,2023.0,1
152.5,-27.0,2021.0,1
152.5,-27.0,2022.0,2
152.5,-26.0,2020.0,1
152.5,-25.5,2020.0,2
152.5,-25.5,2023.0,1
152.5,-25.0,2021.0,2
152.5,-25.0,2022.0,1
152.5,-25.0,2024.0,1
153.0,-31.0,2021.0,1
153.0,-31.0,2023.0,2
153.0,-30.5,2022.0,1
153.0,-30.5,2024.0,1
153.0,-30.0,2020.0,5
153.0,-30.0,2023.0,5
153.0,-28.5,2022.0,1
153.0,-27.0,2021.0,1
153.0,-26.0,2020.0,5
153.0,-25.5,2020.0,26
153.0,-25.5,2021.0,1
153.0,-25.0,2020.0,58
153.5,-30.0,2024.0,2
153.5,-29.5,2024.0,1
153.5,-29.0,2020.0,1
153.5,-29.0,2023.0,9
153.5,-28.5,2023.0,1
153.5,-27.5,2020.0,1
153.5,-27.0,2021.0,1
153.5,-25.0,2020.0,13
